,current_soil_moisture,temperature,humidity,rain,salinity,ph,irrigation_amount,next_smoist_0
0,28.1,26.525999069213867,80.0,0.0,20.7,5.7,19.296609164333898,33.88898274930017
1,28.2,26.525999069213867,80.0,0.0,20.6,5.6,11.170525725703373,31.55115771771101
2,29.1,26.525999069213867,80.0,0.0,19.2,5.6,12.08250373688865,32.724751121066596
3,27.4,26.525999069213867,80.0,0.0,19.0,6.3,12.991516690193972,31.29745500705819
4,28.6,26.525999069213867,80.0,0.0,19.2,5.9,10.755535051462664,31.8266605154388
5,28.0,26.525999069213867,80.0,0.0,20.7,6.5,27.404041127279623,36.22121233818389
6,28.8,26.525999069213867,80.0,0.0,19.7,6.3,23.52617260213634,35.8578517806409
7,27.7,26.525999069213867,80.0,0.0,19.4,5.6,26.336828471893707,35.60104854156811
8,26.0,26.525999069213867,80.0,0.0,20.7,5.8,29.090684588573488,34.727205376572044
9,28.4,26.525999069213867,80.0,0.0,20.5,5.9,12.594307410955889,32.17829222328677
10,28.7,26.525999069213867,80.0,0.0,20.6,5.5,21.25369546812711,35.07610864043813
11,29.9,26.525999069213867,80.0,0.0,19.6,6.1,13.056525023852119,33.816957507155635
12,26.9,26.525999069213867,80.0,0.0,20.9,6.2,19.667212282850628,32.800163684855185
13,25.5,26.525999069213867,80.0,0.0,20.2,6.2,28.170726970329746,33.95121809109892
14,28.1,26.525999069213867,80.0,0.0,19.9,5.7,27.804180099150326,36.441254029745096
15,28.7,26.525999069213867,80.0,0.0,20.6,5.9,18.903593112101614,34.37107793363048
16,29.1,26.525999069213867,80.0,0.0,19.3,6.1,25.190306976841985,36.6570920930526
17,26.6,26.525999069213867,80.0,0.0,20.5,6.2,13.004354351249658,30.5013063053749
18,28.3,26.525999069213867,80.0,0.0,20.7,5.6,11.581683224169996,31.774504967250998
19,25.3,26.525999069213867,80.0,0.0,19.9,5.9,11.78527558846675,28.835582676540024
20,29.5,26.525999069213867,80.0,0.0,20.1,5.7,27.493933895634417,37.748180168690325
21,26.2,26.525999069213867,80.0,0.0,20.3,5.6,24.577624033738655,33.57328721012159
22,27.4,26.525999069213867,80.0,0.0,19.0,5.8,27.691187629055044,35.70735628871651
23,29.5,26.525999069213867,80.0,0.0,20.9,5.7,11.747633868890599,33.02429016066718
24,25.2,26.525999069213867,80.0,0.0,19.5,6.3,22.168895404861612,31.85066862145848
25,27.4,26.525999069213867,80.0,0.0,20.5,5.6,18.950013373931316,33.0850040121794
26,26.7,26.525999069213867,80.0,0.0,20.6,6.5,29.967176208369736,35.69015286251092
27,28.0,26.525999069213867,80.0,0.0,20.9,6.4,23.740031434287104,35.122009430286134
28,28.9,26.525999069213867,80.0,0.0,19.3,6.1,15.482620690053253,33.544786207015974
29,30.0,26.525999069213867,80.0,0.0,19.7,6.4,13.228624635040136,33.96858739051204
30,25.5,26.525999069213867,80.0,0.0,19.5,5.7,15.347548243053716,30.104264472916114
31,27.6,26.525999069213867,80.0,0.0,20.4,6.4,29.905688321009116,36.57170649630274
32,27.2,26.525999069213867,80.0,0.0,20.1,5.8,12.886910641175984,31.066073192352796
33,28.9,26.525999069213867,80.0,0.0,19.4,6.3,12.915032068237656,32.77450962047129
34,25.1,26.525999069213867,80.0,0.0,19.0,5.6,13.316934966568379,29.095080489970513
35,25.3,26.525999069213867,80.0,0.0,20.4,6.4,26.18585219347925,33.15575565804377
36,28.4,26.525999069213867,80.0,0.0,20.6,5.8,28.377241310365736,36.91317239310972
37,27.2,26.525999069213867,80.0,0.0,19.5,6.2,17.569842548722733,32.47095276461682
38,25.3,26.525999069213867,80.0,0.0,19.2,6.2,19.796493413647752,31.238948024094327
39,26.7,26.525999069213867,80.0,0.0,19.6,6.2,22.605118342921173,33.481535502876355
40,27.7,26.525999069213867,80.0,0.0,20.3,5.8,17.573092049892928,32.971927614967875
41,26.4,26.525999069213867,80.0,0.0,19.6,6.4,12.281539299068307,30.08446178972049
42,29.9,26.525999069213867,80.0,0.0,20.3,6.4,19.361961791932302,35.708588537579686
43,27.4,26.525999069213867,80.0,0.0,20.9,5.9,26.753900477514204,35.42617014325426
44,26.5,26.525999069213867,80.0,0.0,20.7,6.4,13.083254346444717,30.424976303933416
45,27.1,26.525999069213867,80.0,0.0,20.6,6.3,27.05778138274162,35.21733441482249
46,27.3,26.525999069213867,80.0,0.0,20.6,5.9,12.298953454010777,30.989686036203235
47,29.6,26.525999069213867,80.0,0.0,19.6,6.1,22.93026736776258,36.479080210328775
48,28.9,26.525999069213867,80.0,0.0,19.0,6.4,14.491289781218189,33.24738693436545
49,27.5,26.525999069213867,80.0,0.0,20.4,6.2,10.515436638649959,30.65463099159499
50,28.9,26.525999069213867,80.0,0.0,20.3,6.5,10.188973325893754,31.956691997768125
51,26.3,26.525999069213867,80.0,0.0,20.6,6.0,29.311395403515274,35.09341862105458
52,29.1,26.525999069213867,80.0,0.0,20.2,6.3,25.85697262816038,36.857091788448116
53,26.6,26.525999069213867,80.0,0.0,19.1,6.0,20.309965363949697,32.69298960918491
54,28.4,26.525999069213867,80.0,0.0,20.6,5.6,26.217771822100335,36.2653315466301
55,28.2,26.525999069213867,80.0,0.0,20.1,5.7,11.866880221964273,31.76006406658928
56,25.2,26.525999069213867,80.0,0.0,19.7,5.8,13.285780843802952,29.185734253140886
57,26.6,26.525999069213867,80.0,0.0,19.7,6.0,27.698975835017762,34.90969275050533
58,28.1,26.525999069213867,80.0,0.0,20.2,6.2,11.692410504543837,31.607723151363153
59,28.0,26.525999069213867,80.0,0.0,20.2,5.7,26.66617662327353,35.999852986982056
60,26.5,26.72599983215332,80.0,0.0,19.0,6.1,12.76170845660117,30.32851253698035
61,28.3,26.72599983215332,80.0,0.0,19.1,6.0,17.583096205680064,33.574928861704024
62,25.4,26.72599983215332,80.0,0.0,19.3,6.1,27.892171968485208,33.76765159054556
63,27.7,26.72599983215332,80.0,0.0,20.5,6.3,12.110954670546983,31.333286401164095
64,28.6,26.72599983215332,80.0,0.0,20.6,5.6,13.107738100686145,32.53232143020585
65,25.6,26.72599983215332,80.0,0.0,19.6,6.4,27.57038328045801,33.87111498413741
66,28.6,26.72599983215332,80.0,0.0,19.5,5.8,16.358591826513624,33.507577547954085
67,25.8,26.72599983215332,80.0,0.0,19.4,6.0,12.187209745341184,29.456162923602356
68,30.0,26.72599983215332,80.0,0.0,20.1,5.8,17.283258168003037,35.18497745040091
69,29.4,26.72599983215332,80.0,0.0,20.4,5.6,14.732714849968755,33.81981445499063
70,27.3,26.72599983215332,80.0,0.0,20.2,6.0,29.602156308353024,36.180646892505905
71,26.7,26.72599983215332,80.0,0.0,20.4,5.9,23.156751626085047,33.647025487825516
72,28.9,26.72599983215332,80.0,0.0,19.9,5.9,24.240439697661806,36.17213190929854
73,27.3,26.72599983215332,80.0,0.0,19.1,5.8,13.314593319131289,31.29437799573939
74,25.2,26.72599983215332,80.0,0.0,19.9,6.5,13.860274073343612,29.358082222003084
75,25.3,26.72599983215332,80.0,0.0,19.7,6.2,17.92463666513223,30.677390999539668
76,29.7,26.72599983215332,80.0,0.0,20.1,5.9,12.615957178227523,33.484787153468254
77,25.1,26.72599983215332,80.0,0.0,19.4,5.7,18.937940128798843,30.781382038639656
78,29.2,26.72599983215332,80.0,0.0,20.8,6.0,28.31080941002998,37.693242823008994
79,28.9,26.72599983215332,80.0,0.0,19.7,5.7,25.278704695055705,36.48361140851671
80,27.6,26.72599983215332,80.0,0.0,19.8,5.9,28.491200916498208,36.14736027494946
81,28.6,26.72599983215332,80.0,0.0,20.8,5.7,12.067498564041898,32.22024956921257
82,27.1,26.72599983215332,80.0,0.0,19.1,5.9,23.5650165015863,34.16950495047589
83,27.3,26.72599983215332,80.0,0.0,20.1,5.7,21.941948926384995,33.8825846779155
84,25.6,26.72599983215332,80.0,0.0,20.9,5.6,15.637424886573593,30.291227465972078
85,27.6,26.72599983215332,80.0,0.0,20.9,6.3,26.810037478721572,35.64301124361647
86,28.4,26.72599983215332,80.0,0.0,20.2,6.1,14.746397200509165,32.82391916015275
87,28.9,26.72599983215332,80.0,0.0,19.5,6.0,23.551643381888027,35.965493014566405
88,26.3,26.72599983215332,80.0,0.0,20.3,6.2,20.707102229506326,32.512130668851896
89,26.7,26.72599983215332,80.0,0.0,20.6,6.3,21.00514931577512,33.00154479473254
90,29.6,26.72599983215332,80.0,0.0,19.8,6.4,14.04828913426372,33.814486740279115
91,26.1,26.72599983215332,80.0,0.0,20.6,6.2,20.632340938973353,32.28970228169201
92,27.5,26.72599983215332,80.0,0.0,19.2,6.4,10.213507376309996,30.564052212893
93,28.6,26.72599983215332,80.0,0.0,20.5,6.0,10.17649833660775,31.652949500982327
94,28.6,26.72599983215332,80.0,0.0,20.9,6.2,10.477040734674512,31.743112220402356
95,25.7,26.72599983215332,80.0,0.0,19.7,6.0,25.46121885594286,33.338365656782855
96,29.3,26.72599983215332,80.0,0.0,19.8,6.3,25.38648963763969,36.91594689129191
97,25.6,26.72599983215332,80.0,0.0,20.6,5.7,29.032308015113685,34.309692404534104
98,29.5,26.72599983215332,80.0,0.0,19.4,5.7,16.803862879207568,34.54115886376227
99,29.7,26.72599983215332,80.0,0.0,20.0,6.2,10.694282298226804,32.90828468946804
100,28.6,26.72599983215332,80.0,0.0,19.1,6.3,21.305433147641942,34.99162994429258
101,27.5,26.72599983215332,80.0,0.0,21.0,6.4,12.027904147874755,31.108371244362427
102,27.3,26.72599983215332,80.0,0.0,19.9,5.9,13.486539128046708,31.34596173841401
103,28.1,26.72599983215332,80.0,0.0,20.7,5.9,15.051333596149155,32.61540007884475
104,29.2,26.72599983215332,80.0,0.0,20.3,5.8,14.706194238165985,33.6118582714498
105,29.6,26.72599983215332,80.0,0.0,19.3,5.5,10.724713328224615,32.81741399846739
106,29.4,26.72599983215332,80.0,0.0,20.6,6.3,16.01700162671687,34.20510048801506
107,25.1,26.72599983215332,80.0,0.0,19.9,6.2,26.53454364471969,33.06036309341591
108,27.4,26.72599983215332,80.0,0.0,19.4,6.0,17.889539708986604,32.76686191269598
109,27.5,26.72599983215332,80.0,0.0,19.5,6.1,29.547085860472645,36.364125758141796
110,25.3,26.72599983215332,80.0,0.0,20.0,5.9,29.090631622203222,34.027189486660966
111,27.8,26.72599983215332,80.0,0.0,20.5,6.5,22.841316187761798,34.65239485632854
112,26.9,26.72599983215332,80.0,0.0,19.8,5.9,12.960909666430299,30.788272899929087
113,28.8,26.72599983215332,80.0,0.0,20.5,5.9,13.699305860155757,32.90979175804673
114,27.0,26.72599983215332,80.0,0.0,19.1,6.3,16.82909086593746,32.04872725978124
115,25.6,26.72599983215332,80.0,0.0,19.5,6.4,21.684481749650793,32.10534452489524
116,25.8,26.72599983215332,80.0,0.0,19.2,5.7,13.127396353131857,29.738218905939558
117,26.9,26.72599983215332,80.0,0.0,21.0,6.5,29.74754802130456,35.824264406391364
118,28.4,26.72599983215332,80.0,0.0,19.9,6.4,27.161947885056914,36.54858436551707
119,26.7,26.72599983215332,80.0,0.0,20.8,5.7,14.478725185760021,31.043617555728005
120,28.8,26.575998306274418,82.0,0.0,20.3,5.6,23.12811142926039,35.738433428778116
121,25.8,26.575998306274418,82.0,0.0,19.1,5.9,19.43699126560124,31.631097379680373
122,29.4,26.575998306274418,82.0,0.0,19.8,5.6,21.75077415557633,35.9252322466729
123,28.3,26.575998306274418,82.0,0.0,20.5,5.7,12.982540729783283,32.19476221893498
124,28.9,26.575998306274418,82.0,0.0,20.7,6.2,19.31864105484697,34.69559231645409
125,28.1,26.575998306274418,82.0,0.0,21.0,5.8,19.814232440316125,34.04426973209484
126,29.4,26.575998306274418,82.0,0.0,19.8,6.2,16.530593625564272,34.35917808766928
127,28.1,26.575998306274418,82.0,0.0,19.4,6.4,23.10261771825685,35.030785315477054
128,29.2,26.575998306274418,82.0,0.0,20.1,5.6,14.784090913840835,33.63522727415225
129,29.8,26.575998306274418,82.0,0.0,19.1,6.1,24.43584156678438,37.13075247003531
130,29.6,26.575998306274418,82.0,0.0,20.9,6.0,18.151651930159943,35.04549557904799
131,29.6,26.575998306274418,82.0,0.0,20.8,6.2,24.890589810179115,37.06717694305374
132,25.8,26.575998306274418,82.0,0.0,19.7,6.4,28.280815891917243,34.284244767575174
133,27.6,26.575998306274418,82.0,0.0,20.4,5.8,21.074664156561603,33.92239924696848
134,27.1,26.575998306274418,82.0,0.0,19.7,6.0,26.900217460323667,35.1700652380971
135,28.8,26.575998306274418,82.0,0.0,20.4,5.6,19.75058555242994,34.72517566572898
136,25.2,26.575998306274418,82.0,0.0,20.3,6.4,19.986138415446433,31.195841524633927
137,28.5,26.575998306274418,82.0,0.0,20.7,5.7,12.027759775516433,32.10832793265493
138,29.1,26.575998306274418,82.0,0.0,20.7,6.3,22.422801761174647,35.82684052835239
139,26.9,26.575998306274418,82.0,0.0,19.9,6.3,15.269791979420727,31.480937593826216
140,29.8,26.575998306274418,82.0,0.0,20.9,6.0,23.79368748139024,36.93810624441707
141,29.1,26.575998306274418,82.0,0.0,20.8,6.1,27.24998443257349,37.27499532977205
142,29.4,26.575998306274418,82.0,0.0,20.5,6.1,29.519785633260597,38.25593568997817
143,28.4,26.575998306274418,82.0,0.0,19.4,5.9,28.482344072286754,36.94470322168603
144,29.1,26.575998306274418,82.0,0.0,20.3,6.0,11.446851759459546,32.534055527837864
145,28.0,26.575998306274418,82.0,0.0,19.8,5.9,21.506060322914717,34.45181809687441
146,25.8,26.575998306274418,82.0,0.0,19.6,6.2,26.338345066908445,33.701503520072535
147,28.6,26.575998306274418,82.0,0.0,20.6,5.5,21.27075668558298,34.981227005674896
148,28.5,26.575998306274418,82.0,0.0,20.5,5.7,17.574028122606446,33.77220843678193
149,27.7,26.575998306274418,82.0,0.0,20.3,5.8,18.034945941256822,33.110483782377045
150,26.3,26.575998306274418,82.0,0.0,20.4,6.2,11.487796935419821,29.746339080625948
151,27.4,26.575998306274418,82.0,0.0,20.1,5.8,25.0243558993119,34.907306769793564
152,28.0,26.575998306274418,82.0,0.0,19.3,6.2,13.031921283566001,31.9095763850698
153,29.4,26.575998306274418,82.0,0.0,20.6,6.4,23.821325062309963,36.546397518692984
154,27.4,26.575998306274418,82.0,0.0,19.7,6.3,23.74044289007461,34.52213286702238
155,26.3,26.575998306274418,82.0,0.0,20.2,6.4,15.89200533677483,31.06760160103245
156,28.7,26.575998306274418,82.0,0.0,20.3,6.0,25.677491400783467,36.40324742023504
157,27.1,26.575998306274418,82.0,0.0,20.9,6.2,26.265130045104563,34.97953901353137
158,29.9,26.575998306274418,82.0,0.0,21.0,6.0,27.198801622582046,38.05964048677461
159,27.4,26.575998306274418,82.0,0.0,19.5,6.4,23.678686964737032,34.50360608942111
160,29.1,26.575998306274418,82.0,0.0,20.8,6.5,10.335274466352185,32.20058233990566
161,26.1,26.575998306274418,82.0,0.0,20.6,6.4,25.58635577695689,33.77590673308707
162,25.7,26.575998306274418,82.0,0.0,20.6,5.9,28.735835518297794,34.320750655489334
163,28.1,26.575998306274418,82.0,0.0,19.4,5.8,27.725098878385488,36.41752966351565
164,27.4,26.575998306274418,82.0,0.0,20.5,5.8,17.662649797158494,32.69879493914755
165,29.9,26.575998306274418,82.0,0.0,20.0,6.4,28.527456895013607,38.45823706850408
166,28.5,26.575998306274418,82.0,0.0,19.6,5.9,24.613704820794243,35.88411144623827
167,28.3,26.575998306274418,82.0,0.0,20.3,5.7,29.65847109549643,37.19754132864893
168,27.0,26.575998306274418,82.0,0.0,20.5,5.5,22.68284783504013,33.80485435051204
169,29.0,26.575998306274418,82.0,0.0,20.5,5.6,17.99610608966166,34.3988318268985
170,29.8,26.575998306274418,82.0,0.0,19.1,6.4,14.976374086263274,34.29291222587898
171,27.1,26.575998306274418,82.0,0.0,19.7,6.3,10.033820831253673,30.110146249376104
172,30.0,26.575998306274418,82.0,0.0,20.9,6.2,20.862244349841685,36.2586733049525
173,27.6,26.575998306274418,82.0,0.0,20.7,5.8,28.53382463751486,36.16014739125446
174,25.7,26.575998306274418,82.0,0.0,20.9,6.3,21.994303963165528,32.298291188949655
175,25.9,26.575998306274418,82.0,0.0,20.1,5.5,13.783863608222815,30.03515908246684
176,25.9,26.575998306274418,82.0,0.0,19.6,5.8,29.73558031977873,34.82067409593362
177,29.8,26.575998306274418,82.0,0.0,19.3,6.1,12.263732968174262,33.47911989045228
178,29.6,26.575998306274418,82.0,0.0,20.6,6.1,11.11095709874019,32.93328712962206
179,26.3,26.575998306274418,82.0,0.0,20.8,6.2,29.88989498624172,35.26696849587252
180,26.5,26.42599868774414,82.0,0.0,19.7,6.5,20.46118654929564,32.638355964788694
181,25.9,26.42599868774414,82.0,0.0,19.5,6.1,23.18450002132895,32.85535000639868
182,29.6,26.42599868774414,82.0,0.0,21.0,6.0,26.91799560730143,37.67539868219043
183,27.4,26.42599868774414,82.0,0.0,19.1,5.9,24.0088859579663,34.60266578738989
184,29.2,26.42599868774414,82.0,0.0,19.8,6.1,21.438732774047587,35.63161983221428
185,25.2,26.42599868774414,82.0,0.0,20.0,6.3,18.224368793665647,30.667310638099693
186,25.7,26.42599868774414,82.0,0.0,19.2,6.3,14.498408493856003,30.0495225481568
187,27.2,26.42599868774414,82.0,0.0,19.3,5.7,18.64255821826555,32.79276746547966
188,27.2,26.42599868774414,82.0,0.0,20.4,6.3,19.66040255744587,33.09812076723376
189,28.0,26.42599868774414,82.0,0.0,19.9,6.0,22.931671296317262,34.87950138889518
190,26.5,26.42599868774414,82.0,0.0,19.1,5.9,16.83156252872453,31.54946875861736
191,27.1,26.42599868774414,82.0,0.0,20.7,5.9,22.445936195982505,33.83378085879475
192,28.7,26.42599868774414,82.0,0.0,20.4,5.7,21.662815691293616,35.19884470738808
193,25.5,26.42599868774414,82.0,0.0,19.9,5.9,19.275217134567697,31.28256514037031
194,25.8,26.42599868774414,82.0,0.0,19.2,6.1,25.09880012123798,33.329640036371394
195,29.7,26.42599868774414,82.0,0.0,19.3,6.0,12.30084527045716,33.390253581137145
196,27.1,26.42599868774414,82.0,0.0,20.3,5.9,18.950985673981283,32.78529570219439
197,25.7,26.42599868774414,82.0,0.0,20.0,6.4,29.714880980204697,34.614464294061406
198,25.6,26.42599868774414,82.0,0.0,20.8,6.2,17.216860370947554,30.76505811128427
199,27.7,26.42599868774414,82.0,0.0,19.7,6.2,15.318533117997099,32.295559935399126
200,27.0,26.42599868774414,82.0,0.0,20.4,6.2,12.193549398518854,30.658064819555655
201,25.8,26.42599868774414,82.0,0.0,19.9,6.4,12.943943338172197,29.68318300145166
202,28.2,26.42599868774414,82.0,0.0,20.0,6.3,20.87611559909352,34.462834679728054
203,25.6,26.42599868774414,82.0,0.0,19.3,6.2,27.247174553809042,33.774152366142715
204,28.4,26.42599868774414,82.0,0.0,20.2,6.0,18.005189415909733,33.801556824772916
205,28.6,26.42599868774414,82.0,0.0,20.0,5.6,20.78877316505206,34.83663194951562
206,25.3,26.42599868774414,82.0,0.0,20.2,5.5,29.96368860480399,34.289106581441196
207,29.5,26.42599868774414,82.0,0.0,19.3,5.5,17.584525299310133,34.77535758979304
208,27.3,26.42599868774414,82.0,0.0,19.2,6.1,10.824892254327175,30.547467676298155
209,27.3,26.42599868774414,82.0,0.0,20.1,5.8,18.884863556908012,32.9654590670724
210,29.6,26.42599868774414,82.0,0.0,20.7,6.0,23.048568175494566,36.51457045264837
211,27.1,26.42599868774414,82.0,0.0,19.4,6.3,24.097654090034887,34.32929622701047
212,28.4,26.42599868774414,82.0,0.0,20.5,5.8,18.274684113372892,33.88240523401187
213,28.7,26.42599868774414,82.0,0.0,19.8,6.1,25.799341940327146,36.43980258209814
214,29.4,26.42599868774414,82.0,0.0,20.0,5.9,16.218892473401993,34.2656677420206
215,27.3,26.42599868774414,82.0,0.0,19.1,6.2,25.095510309554,34.828653092866205
216,27.1,26.42599868774414,82.0,0.0,19.7,6.1,15.395224197747869,31.718567259324363
217,29.9,26.42599868774414,82.0,0.0,19.0,5.9,16.090560661913575,34.72716819857407
218,28.3,26.42599868774414,82.0,0.0,19.7,6.4,24.69907965234368,35.70972389570311
219,28.7,26.42599868774414,82.0,0.0,19.3,6.4,27.884513885395176,37.06535416561855
220,28.3,26.42599868774414,82.0,0.0,20.5,5.8,26.763776508996962,36.32913295269909
221,26.7,26.42599868774414,82.0,0.0,20.2,5.6,21.56667321006079,33.17000196301824
222,27.6,26.42599868774414,82.0,0.0,19.8,5.7,29.83685506718645,36.55105652015594
223,27.6,26.42599868774414,82.0,0.0,20.6,6.1,25.602443856728456,35.28073315701854
224,28.2,26.42599868774414,82.0,0.0,20.6,6.4,19.39958003192993,34.01987400957898
225,28.9,26.42599868774414,82.0,0.0,19.7,5.8,14.667178313187673,33.3001534939563
226,25.6,26.42599868774414,82.0,0.0,20.9,6.0,20.768588648954953,31.830576594686487
227,27.9,26.42599868774414,82.0,0.0,20.0,6.4,25.522615734902075,35.55678472047062
228,26.5,26.42599868774414,82.0,0.0,20.0,6.2,25.868756548098165,34.26062696442945
229,29.6,26.42599868774414,82.0,0.0,20.4,6.2,19.4785966036526,35.44357898109578
230,25.7,26.42599868774414,82.0,0.0,19.2,6.4,12.353271379565866,29.40598141386976
231,29.0,26.42599868774414,82.0,0.0,19.6,6.0,22.63628175967933,35.7908845279038
232,28.7,26.42599868774414,82.0,0.0,19.7,5.9,13.078040140062235,32.62341204201867
233,25.6,26.42599868774414,82.0,0.0,20.9,5.8,12.1782807347813,29.25348422043439
234,28.0,26.42599868774414,82.0,0.0,19.6,6.3,24.161029770625667,35.2483089311877
235,28.7,26.42599868774414,82.0,0.0,19.5,6.4,18.559430262434645,34.267829078730394
236,25.1,26.42599868774414,82.0,0.0,20.2,5.9,13.289105882152285,29.086731764645688
237,27.1,26.42599868774414,82.0,0.0,19.8,5.9,12.809529906441968,30.94285897193259
238,29.9,26.42599868774414,82.0,0.0,19.1,5.8,11.05557807080517,33.21667342124155
239,28.9,26.42599868774414,82.0,0.0,20.4,6.3,20.053074249726194,34.915922274917854
240,29.9,26.325998306274418,83.0,0.0,20.9,5.8,29.276360321865376,38.682908096559615
241,26.6,26.325998306274418,83.0,0.0,21.0,5.7,10.103354799244313,29.631006439773294
242,26.1,26.325998306274418,83.0,0.0,20.5,5.9,22.555933743757226,32.86678012312717
243,26.4,26.325998306274418,83.0,0.0,20.6,6.1,20.200069516761488,32.460020855028446
244,29.2,26.325998306274418,83.0,0.0,20.3,6.1,17.306786852291722,34.39203605568751
245,29.9,26.325998306274418,83.0,0.0,19.1,6.3,23.58191338383822,36.97457401515146
246,29.4,26.325998306274418,83.0,0.0,19.5,5.7,24.274209403750113,36.682262821125036
247,26.6,26.325998306274418,83.0,0.0,20.1,6.0,24.54674474178269,33.96402342253481
248,26.1,26.325998306274418,83.0,0.0,19.2,5.7,29.420019992805685,34.926005997841706
249,27.7,26.325998306274418,83.0,0.0,20.2,6.0,18.302278756621206,33.19068362698636
250,28.0,26.325998306274418,83.0,0.0,20.1,5.5,15.717429688590732,32.71522890657722
251,26.6,26.325998306274418,83.0,0.0,19.0,6.1,21.768300675256818,33.13049020257705
252,25.2,26.325998306274418,83.0,0.0,19.8,6.1,29.80251540517249,34.14075462155175
253,26.8,26.325998306274418,83.0,0.0,20.5,6.0,22.807065876522838,33.64211976295685
254,25.9,26.325998306274418,83.0,0.0,19.4,5.9,15.317068100924622,30.495120430277385
255,28.5,26.325998306274418,83.0,0.0,20.5,6.0,15.730684500527879,33.21920535015836
256,27.1,26.325998306274418,83.0,0.0,19.0,6.3,15.789713559272032,31.83691406778161
257,29.1,26.325998306274418,83.0,0.0,20.5,6.3,15.784823008721984,33.835446902616596
258,27.9,26.325998306274418,83.0,0.0,19.9,6.3,12.296465708506359,31.588939712551905
259,27.5,26.325998306274418,83.0,0.0,19.5,6.4,11.668896850169366,31.00066905505081
260,29.6,26.325998306274418,83.0,0.0,20.6,6.0,16.052034242008006,34.4156102726024
261,28.2,26.325998306274418,83.0,0.0,20.5,6.2,11.130737922819183,31.539221376845752
262,26.1,26.325998306274418,83.0,0.0,19.2,6.4,22.05182952840778,32.71554885852233
263,26.7,26.325998306274418,83.0,0.0,20.4,5.6,11.903157586139635,30.27094727584189
264,26.5,26.325998306274418,83.0,0.0,20.1,5.6,15.07489632281078,31.022468896843232
265,26.3,26.325998306274418,83.0,0.0,20.9,5.7,23.753690212995163,33.42610706389855
266,28.2,26.325998306274418,83.0,0.0,20.0,6.1,20.88044602123584,34.464133806370754
267,25.5,26.325998306274418,83.0,0.0,20.8,5.7,16.100769447703783,30.330230834311134
268,29.4,26.325998306274418,83.0,0.0,19.9,5.9,22.108853752926148,36.03265612587784
269,25.5,26.325998306274418,83.0,0.0,20.7,6.2,13.675806285163999,29.6027418855492
270,25.9,26.325998306274418,83.0,0.0,20.4,5.8,25.26413932149614,33.47924179644884
271,25.2,26.325998306274418,83.0,0.0,19.5,5.6,27.649007068991438,33.49470212069743
272,29.9,26.325998306274418,83.0,0.0,19.7,6.4,14.086380587347026,34.125914176204105
273,27.0,26.325998306274418,83.0,0.0,20.0,6.3,23.870528655636804,34.16115859669104
274,25.9,26.325998306274418,83.0,0.0,19.9,6.4,25.505390568916322,33.551617170674895
275,26.4,26.325998306274418,83.0,0.0,20.9,5.8,29.443702753671833,35.23311082610155
276,27.1,26.325998306274418,83.0,0.0,20.2,5.6,27.598539533205326,35.3795618599616
277,26.7,26.325998306274418,83.0,0.0,20.0,5.8,21.13346553670618,33.04003966101185
278,27.7,26.325998306274418,83.0,0.0,20.6,6.4,24.068829921144616,34.92064897634339
279,26.0,26.325998306274418,83.0,0.0,20.7,5.6,18.819678051164033,31.64590341534921
280,28.5,26.325998306274418,83.0,0.0,19.7,6.4,27.315700586667703,36.694710176000314
281,28.4,26.325998306274418,83.0,0.0,20.8,6.5,21.142308629206624,34.74269258876198
282,26.1,26.325998306274418,83.0,0.0,19.2,5.5,21.448476064879898,32.53454281946397
283,26.5,26.325998306274418,83.0,0.0,20.9,5.8,29.01368597130924,35.20410579139277
284,26.0,26.325998306274418,83.0,0.0,19.3,6.2,20.193357119213402,32.05800713576402
285,26.6,26.325998306274418,83.0,0.0,20.1,6.5,22.038962505366886,33.21168875161007
286,29.3,26.325998306274418,83.0,0.0,19.7,5.6,26.17122756151243,37.15136826845373
287,27.0,26.325998306274418,83.0,0.0,19.8,5.7,29.020959481912044,35.70628784457361
288,27.9,26.325998306274418,83.0,0.0,19.7,6.2,14.887039557454253,32.36611186723627
289,28.9,26.325998306274418,83.0,0.0,19.1,5.8,28.249201481562853,37.374760444468855
290,25.6,26.325998306274418,83.0,0.0,21.0,5.9,24.009904398693877,32.80297131960816
291,28.6,26.325998306274418,83.0,0.0,20.8,6.0,28.2125569971197,37.063767099135916
292,28.0,26.325998306274418,83.0,0.0,20.3,6.3,21.830804067429177,34.54924122022875
293,26.5,26.325998306274418,83.0,0.0,19.6,6.5,23.820629598008672,33.6461888794026
294,30.0,26.325998306274418,83.0,0.0,19.9,5.8,21.23407057515104,36.370221172545314
295,26.0,26.325998306274418,83.0,0.0,20.9,5.9,12.014873738717533,29.60446212161526
296,27.6,26.325998306274418,83.0,0.0,19.7,5.7,18.875819387989175,33.26274581639675
297,25.5,26.325998306274418,83.0,0.0,19.0,6.4,26.803464267170053,33.54103928015101
298,25.9,26.325998306274418,83.0,0.0,19.5,6.4,28.260041730703037,34.37801251921091
299,29.2,26.325998306274418,83.0,0.0,19.7,5.7,26.635795025067463,37.19073850752024
300,26.3,26.17599868774414,84.0,0.0,19.9,5.7,20.48904993355819,32.446714980067455
301,26.4,26.17599868774414,84.0,0.0,20.2,5.7,11.269992793679952,29.780997838103985
302,29.3,26.17599868774414,84.0,0.0,19.9,5.9,15.371918727386618,33.911575618215984
303,29.0,26.17599868774414,84.0,0.0,20.0,6.0,13.768316574719336,33.1304949724158
304,25.5,26.17599868774414,84.0,0.0,19.7,6.1,12.150458809332992,29.1451376427999
305,27.4,26.17599868774414,84.0,0.0,21.0,6.3,19.841826533209584,33.35254795996288
306,28.5,26.17599868774414,84.0,0.0,19.2,5.5,18.680044195218834,34.10401325856565
307,27.3,26.17599868774414,84.0,0.0,20.0,6.3,20.764627976737877,33.529388393021364
308,25.3,26.17599868774414,84.0,0.0,20.5,6.3,26.214173183335596,33.16425195500068
309,29.8,26.17599868774414,84.0,0.0,19.9,5.9,13.749482734864769,33.924844820459434
310,29.4,26.17599868774414,84.0,0.0,19.8,6.4,17.222421384482768,34.56672641534483
311,25.3,26.17599868774414,84.0,0.0,19.1,6.4,28.688166896022846,33.906450068806855
312,27.2,26.17599868774414,84.0,0.0,20.3,5.8,24.626176040321127,34.58785281209634
313,28.2,26.17599868774414,84.0,0.0,20.7,6.1,14.024313054521656,32.407293916356494
314,25.6,26.17599868774414,84.0,0.0,20.0,5.8,10.683593947368333,28.8050781842105
315,26.6,26.17599868774414,84.0,0.0,19.4,5.7,20.75238427479912,32.82571528243974
316,27.4,26.17599868774414,84.0,0.0,19.2,5.6,11.129567191841396,30.738870157552416
317,26.0,26.17599868774414,84.0,0.0,19.7,6.3,21.349349181202413,32.404804754360725
318,27.4,26.17599868774414,84.0,0.0,20.3,6.4,27.125785427048584,35.537735628114575
319,28.1,26.17599868774414,84.0,0.0,20.9,6.2,20.23458064257626,34.17037419277288
320,26.6,26.17599868774414,84.0,0.0,20.1,6.3,13.20440670822193,30.56132201246658
321,28.6,26.17599868774414,84.0,0.0,20.6,5.9,18.567424557839693,34.17022736735191
322,28.8,26.17599868774414,84.0,0.0,20.8,6.2,28.72797899192159,37.41839369757648
323,27.5,26.17599868774414,84.0,0.0,20.8,5.6,21.791985903580056,34.03759577107402
324,25.7,26.17599868774414,84.0,0.0,19.7,5.7,27.995870067943788,34.09876102038314
325,27.3,26.17599868774414,84.0,0.0,20.8,5.7,14.576271058119708,31.672881317435913
326,26.1,26.17599868774414,84.0,0.0,20.8,5.8,20.815262294932996,32.3445786884799
327,25.0,26.17599868774414,84.0,0.0,19.9,6.0,21.438654999018425,31.431596499705527
328,29.0,26.17599868774414,84.0,0.0,20.0,5.8,12.85581113370132,32.8567433401104
329,28.3,26.17599868774414,84.0,0.0,20.4,5.5,18.688478623212177,33.90654358696365
330,25.6,26.17599868774414,84.0,0.0,20.8,5.9,22.46259491376291,32.33877847412887
331,26.0,26.17599868774414,84.0,0.0,19.0,5.8,18.505639605862633,31.55169188175879
332,29.1,26.17599868774414,84.0,0.0,19.5,5.9,10.004116733863617,32.10123502015909
333,28.1,26.17599868774414,84.0,0.0,20.7,5.8,11.853541142272494,31.65606234268175
334,29.3,26.17599868774414,84.0,0.0,20.9,6.1,17.03413121348848,34.41023936404655
335,29.5,26.17599868774414,84.0,0.0,19.7,6.2,22.826740577250497,36.34802217317515
336,29.7,26.17599868774414,84.0,0.0,20.3,6.4,11.902396215503208,33.27071886465096
337,28.4,26.17599868774414,84.0,0.0,21.0,5.5,13.249138070656215,32.374741421196866
338,28.5,26.17599868774414,84.0,0.0,20.8,5.6,26.80455268827958,36.541365806483874
339,25.6,26.17599868774414,84.0,0.0,19.7,5.9,15.76268163224049,30.328804489672148
340,28.9,26.17599868774414,84.0,0.0,20.3,5.9,14.582873303613045,33.27486199108391
341,25.9,26.17599868774414,84.0,0.0,19.7,6.4,12.452523240173365,29.635756972052008
342,29.8,26.17599868774414,84.0,0.0,19.1,6.1,15.857488032491396,34.55724640974742
343,29.7,26.17599868774414,84.0,0.0,19.5,5.6,20.995408022337365,35.99862240670121
344,28.7,26.17599868774414,84.0,0.0,19.3,5.9,24.594991046749207,36.07849731402476
345,26.2,26.17599868774414,84.0,0.0,19.6,6.2,22.406896018491242,32.92206880554737
346,28.8,26.17599868774414,84.0,0.0,20.3,5.5,25.83936289379688,36.55180886813906
347,27.1,26.17599868774414,84.0,0.0,19.7,5.8,11.765425172527955,30.62962755175839
348,27.6,26.17599868774414,84.0,0.0,20.2,6.2,14.159312337628666,31.8477937012886
349,25.5,26.17599868774414,84.0,0.0,20.9,6.0,17.66335470029545,30.799006410088634
350,28.1,26.17599868774414,84.0,0.0,20.2,5.9,12.711343621704675,31.913403086511405
351,29.4,26.17599868774414,84.0,0.0,19.2,5.9,13.203463791774016,33.3610391375322
352,25.7,26.17599868774414,84.0,0.0,19.6,5.5,25.35023971029001,33.305071913087005
353,28.8,26.17599868774414,84.0,0.0,20.5,5.8,17.063139986591835,33.91894199597755
354,29.1,26.17599868774414,84.0,0.0,20.6,5.8,21.6917673847881,35.607530215436434
355,26.1,26.17599868774414,84.0,0.0,20.2,5.5,24.738016828004703,33.52140504840141
356,28.0,26.17599868774414,84.0,0.0,19.9,5.6,20.314398367267668,34.0943195101803
357,28.9,26.17599868774414,84.0,0.0,20.2,5.5,17.606313503350606,34.18189405100518
358,26.6,26.17599868774414,84.0,0.0,19.5,5.9,17.42520585114184,31.827561755342554
359,28.5,26.17599868774414,84.0,0.0,19.6,6.3,28.19419825927768,36.9582594777833
360,25.8,26.075998306274418,85.0,0.0,20.4,5.6,14.963676535895381,30.289102960768616
361,28.3,26.075998306274418,85.0,0.0,20.7,6.0,11.712726059376504,31.813817817812954
362,29.7,26.075998306274418,85.0,0.0,19.3,5.8,21.36725980041172,36.11017794012351
363,26.1,26.075998306274418,85.0,0.0,19.1,5.9,18.151452092722273,31.545435627816683
364,27.8,26.075998306274418,85.0,0.0,20.8,6.3,13.484050164368213,31.845215049310465
365,27.5,26.075998306274418,85.0,0.0,20.5,6.1,18.450459827891233,33.03513794836737
366,29.9,26.075998306274418,85.0,0.0,19.9,6.4,18.56700636989894,35.47010191096968
367,25.0,26.075998306274418,85.0,0.0,20.4,6.4,24.17445667479264,32.25233700243779
368,27.7,26.075998306274418,85.0,0.0,20.1,6.2,12.643034309105367,31.492910292731608
369,27.3,26.075998306274418,85.0,0.0,20.8,6.3,16.111021003905712,32.133306301171714
370,28.7,26.075998306274418,85.0,0.0,19.7,6.3,22.01086749498288,35.303260248494865
371,25.7,26.075998306274418,85.0,0.0,20.2,5.7,21.44773835324728,32.134321505974185
372,28.8,26.075998306274418,85.0,0.0,20.1,6.0,16.71949092360237,33.815847277080714
373,26.2,26.075998306274418,85.0,0.0,19.3,6.0,24.142532173573702,33.44275965207211
374,26.5,26.075998306274418,85.0,0.0,20.5,6.1,23.708099826194456,33.61242994785834
375,26.1,26.075998306274418,85.0,0.0,20.8,6.4,10.566463293157511,29.269938987947256
376,29.6,26.075998306274418,85.0,0.0,20.9,6.0,10.9433237117907,32.882997113537215
377,26.1,26.075998306274418,85.0,0.0,20.2,6.4,11.789920598895982,29.636976179668796
378,29.1,26.075998306274418,85.0,0.0,20.1,6.4,10.349026717152686,32.204708015145805
379,28.9,26.075998306274418,85.0,0.0,20.3,6.4,11.081831433145936,32.22454942994378
380,29.3,26.075998306274418,85.0,0.0,19.3,6.4,15.044604077832961,33.813381223349886
381,29.5,26.075998306274418,85.0,0.0,19.6,6.2,26.909297654506986,37.5727892963521
382,29.5,26.075998306274418,85.0,0.0,19.3,5.9,22.736020088879258,36.320806026663774
383,25.5,26.075998306274418,85.0,0.0,20.9,5.7,15.830531772663711,30.249159531799112
384,27.4,26.075998306274418,85.0,0.0,20.4,5.6,16.538703975636686,32.361611192691
385,26.1,26.075998306274418,85.0,0.0,19.9,5.8,28.037609055793858,34.51128271673816
386,27.1,26.075998306274418,85.0,0.0,19.1,5.6,18.66396140767918,32.699188422303756
387,29.0,26.075998306274418,85.0,0.0,20.5,6.1,26.324851153106607,36.89745534593198
388,28.7,26.075998306274418,85.0,0.0,20.7,6.4,13.812038546985992,32.843611564095795
389,29.4,26.075998306274418,85.0,0.0,19.5,5.7,16.16556394305345,34.24966918291604
390,29.4,26.075998306274418,85.0,0.0,20.3,6.0,28.025903237575037,37.80777097127251
391,25.5,26.075998306274418,85.0,0.0,19.2,5.8,14.21807225402408,29.765421676207225
392,25.7,26.075998306274418,85.0,0.0,19.4,6.0,28.044656516502386,34.113396954950716
393,30.0,26.075998306274418,85.0,0.0,19.5,5.7,23.86758859060293,37.16027657718088
394,28.9,26.075998306274418,85.0,0.0,20.9,6.0,19.23534078630021,34.67060223589006
395,27.0,26.075998306274418,85.0,0.0,20.3,6.2,23.47803140283551,34.04340942085065
396,26.5,26.075998306274418,85.0,0.0,20.8,6.2,26.765918404163386,34.529775521249015
397,25.6,26.075998306274418,85.0,0.0,19.8,6.4,22.841088120661787,32.45232643619854
398,26.8,26.075998306274418,85.0,0.0,21.0,6.4,28.468491612687117,35.340547483806134
399,27.1,26.075998306274418,85.0,0.0,19.1,6.4,27.306760473226248,35.292028141967876
400,28.2,26.075998306274418,85.0,0.0,20.0,5.7,21.03020179243169,34.5090605377295
401,28.9,26.075998306274418,85.0,0.0,19.9,6.3,19.63328565458994,34.78998569637698
402,29.5,26.075998306274418,85.0,0.0,19.8,5.5,10.072122649148266,32.52163679474448
403,27.5,26.075998306274418,85.0,0.0,20.4,5.6,13.516292644745672,31.554887793423703
404,28.4,26.075998306274418,85.0,0.0,20.2,6.4,18.117194877812352,33.8351584633437
405,25.9,26.075998306274418,85.0,0.0,20.8,6.0,11.228606769577617,29.268582030873283
406,26.1,26.075998306274418,85.0,0.0,20.2,5.7,22.465969882081566,32.83979096462447
407,29.0,26.075998306274418,85.0,0.0,20.9,6.1,16.430282753263043,33.92908482597891
408,26.0,26.075998306274418,85.0,0.0,20.9,6.1,27.947590957916635,34.38427728737499
409,25.7,26.075998306274418,85.0,0.0,19.7,6.4,13.984396461535562,29.89531893846067
410,27.5,26.075998306274418,85.0,0.0,19.4,6.2,11.444559172196344,30.933367751658903
411,25.3,26.075998306274418,85.0,0.0,20.1,6.1,29.41740742979482,34.12522222893845
412,26.4,26.075998306274418,85.0,0.0,20.1,5.6,22.314307552601704,33.09429226578051
413,29.8,26.075998306274418,85.0,0.0,20.7,6.5,18.123558330366496,35.23706749910995
414,25.0,26.075998306274418,85.0,0.0,20.0,6.2,14.745593625118623,29.423678087535585
415,26.1,26.075998306274418,85.0,0.0,20.4,6.0,23.756182703795837,33.22685481113875
416,29.4,26.075998306274418,85.0,0.0,19.7,6.3,23.858353318701614,36.557505995610484
417,25.2,26.075998306274418,85.0,0.0,20.6,5.9,27.48705965061538,33.446117895184614
418,25.6,26.075998306274418,85.0,0.0,19.8,5.8,24.849311257560956,33.05479337726829
419,29.9,26.075998306274418,85.0,0.0,20.6,6.3,17.28655003133957,35.08596500940187
420,29.6,26.67599868774414,82.0,0.0,19.8,5.9,17.179598146378126,34.75387944391344
421,27.6,26.67599868774414,82.0,0.0,19.6,5.9,25.825978469288444,35.34779354078653
422,25.4,26.67599868774414,82.0,0.0,19.6,6.4,23.904415109557313,32.571324532867195
423,26.7,26.67599868774414,82.0,0.0,19.3,6.2,26.43409550162382,34.63022865048715
424,29.3,26.67599868774414,82.0,0.0,20.1,6.0,28.828454405699716,37.948536321709916
425,30.0,26.67599868774414,82.0,0.0,20.2,5.9,20.132956179553197,36.03988685386596
426,28.6,26.67599868774414,82.0,0.0,20.6,5.7,16.3523610112383,33.50570830337149
427,29.1,26.67599868774414,82.0,0.0,20.3,5.9,18.511501483289422,34.65345044498683
428,27.6,26.67599868774414,82.0,0.0,20.6,6.4,26.954251132182808,35.68627533965484
429,25.5,26.67599868774414,82.0,0.0,19.6,6.4,13.336909047118382,29.501072714135514
430,27.7,26.67599868774414,82.0,0.0,20.8,6.5,27.469061488504074,35.94071844655122
431,25.9,26.67599868774414,82.0,0.0,20.4,6.2,28.228662491992843,34.36859874759785
432,28.4,26.67599868774414,82.0,0.0,20.5,6.1,11.438391634833048,31.83151749044991
433,27.1,26.67599868774414,82.0,0.0,19.9,6.2,13.687887500149657,31.206366250044898
434,28.3,26.67599868774414,82.0,0.0,19.7,6.2,16.33309458538021,33.199928375614064
435,28.4,26.67599868774414,82.0,0.0,20.5,6.2,29.31520719083202,37.19456215724961
436,28.5,26.67599868774414,82.0,0.0,19.8,6.1,14.508063262931042,32.852418978879314
437,28.4,26.67599868774414,82.0,0.0,20.8,6.2,28.337363762719455,36.901209128815836
438,26.1,26.67599868774414,82.0,0.0,19.0,6.4,29.225107598914622,34.867532279674386
439,26.5,26.67599868774414,82.0,0.0,20.1,5.9,16.518533518861446,31.455560055658434
440,25.9,26.67599868774414,82.0,0.0,19.4,6.0,21.649231581928007,32.3947694745784
441,29.6,26.67599868774414,82.0,0.0,20.3,6.4,22.28792328049188,36.286376984147566
442,25.6,26.67599868774414,82.0,0.0,20.1,6.0,26.124756920345007,33.4374270761035
443,30.0,26.67599868774414,82.0,0.0,19.3,5.8,25.687588753481425,37.70627662604443
444,28.3,26.67599868774414,82.0,0.0,20.7,5.9,23.009083523711375,35.20272505711341
445,27.5,26.67599868774414,82.0,0.0,20.2,6.0,26.341507623256696,35.40245228697701
446,25.3,26.67599868774414,82.0,0.0,19.3,6.5,28.209031271169486,33.762709381350845
447,28.9,26.67599868774414,82.0,0.0,19.3,5.5,21.180517194678256,35.25415515840348
448,25.4,26.67599868774414,82.0,0.0,19.5,5.7,24.904659084799672,32.8713977254399
449,26.9,26.67599868774414,82.0,0.0,21.0,6.2,28.189357340693984,35.356807202208195
450,27.9,26.67599868774414,82.0,0.0,19.5,6.5,24.171586330866624,35.151475899259985
451,25.1,26.67599868774414,82.0,0.0,20.5,6.2,18.94026164221509,30.782078492664528
452,26.5,26.67599868774414,82.0,0.0,20.5,6.3,14.11454094859047,30.73436228457714
453,25.5,26.67599868774414,82.0,0.0,20.9,6.2,25.217219120031828,33.06516573600955
454,28.5,26.67599868774414,82.0,0.0,20.1,6.2,12.079893737186262,32.123968121155876
455,30.0,26.67599868774414,82.0,0.0,19.5,6.4,29.198480949717236,38.75954428491517
456,27.5,26.67599868774414,82.0,0.0,19.3,5.8,13.577116301384034,31.57313489041521
457,28.1,26.67599868774414,82.0,0.0,20.0,6.4,18.984315012510685,33.795294503753205
458,29.7,26.67599868774414,82.0,0.0,20.1,6.3,23.70851921955515,36.81255576586654
459,26.1,26.67599868774414,82.0,0.0,20.4,6.0,17.223466186511708,31.267039855953513
460,25.5,26.67599868774414,82.0,0.0,21.0,5.9,14.622033646438721,29.886610093931615
461,26.8,26.67599868774414,82.0,0.0,20.3,5.8,18.25352329498104,32.27605698849431
462,29.2,26.67599868774414,82.0,0.0,20.8,6.1,10.65030133919878,32.39509040175963
463,25.2,26.67599868774414,82.0,0.0,19.8,5.6,18.06637578453113,30.61991273535934
464,28.6,26.67599868774414,82.0,0.0,19.7,6.3,19.22042375168435,34.36612712550531
465,25.0,26.67599868774414,82.0,0.0,19.5,6.1,28.022957385513642,33.406887215654095
466,27.7,26.67599868774414,82.0,0.0,19.6,5.9,13.731415927918658,31.8194247783756
467,28.2,26.67599868774414,82.0,0.0,19.7,5.8,15.990439859807886,32.997131957942365
468,27.3,26.67599868774414,82.0,0.0,19.7,5.8,19.139577281939026,33.04187318458171
469,26.5,26.67599868774414,82.0,0.0,20.1,6.2,26.407952649176217,34.42238579475286
470,27.8,26.67599868774414,82.0,0.0,19.1,6.1,17.085120547256107,32.92553616417683
471,28.9,26.67599868774414,82.0,0.0,20.9,6.3,11.058458009326461,32.21753740279794
472,29.9,26.67599868774414,82.0,0.0,19.2,5.6,22.38888871501008,36.616666614503025
473,25.5,26.67599868774414,82.0,0.0,20.3,6.3,11.99488037458423,29.098464112375268
474,25.5,26.67599868774414,82.0,0.0,20.1,5.8,22.88336850711494,32.36501055213448
475,28.5,26.67599868774414,82.0,0.0,20.4,6.4,22.838058510379938,35.35141755311398
476,28.3,26.67599868774414,82.0,0.0,20.9,5.9,21.285385339224717,34.68561560176742
477,27.1,26.67599868774414,82.0,0.0,20.1,5.8,22.518118796216868,33.85543563886506
478,27.5,26.67599868774414,82.0,0.0,20.5,6.2,24.273824283491756,34.78214728504753
479,26.8,26.67599868774414,82.0,0.0,19.1,6.3,26.178576013497285,34.65357280404918
480,25.2,28.025999069213867,76.0,0.0,20.7,6.0,23.10184919299233,32.1305547578977
481,27.3,28.025999069213867,76.0,0.0,19.8,5.5,24.14012557179345,34.54203767153803
482,27.4,28.025999069213867,76.0,0.0,20.8,6.0,17.17202023650046,32.551606070950136
483,26.6,28.025999069213867,76.0,0.0,20.8,6.1,26.382898360828996,34.5148695082487
484,28.6,28.025999069213867,76.0,0.0,20.7,6.1,22.12020189837051,35.23606056951115
485,25.7,28.025999069213867,76.0,0.0,19.9,6.2,25.73746171833986,33.421238515501955
486,28.2,28.025999069213867,76.0,0.0,20.1,6.2,29.56923071276709,37.070769213830125
487,28.5,28.025999069213867,76.0,0.0,19.5,5.7,12.929341705278382,32.378802511583515
488,28.8,28.025999069213867,76.0,0.0,20.8,6.4,12.846875757471297,32.65406272724139
489,28.2,28.025999069213867,76.0,0.0,20.5,5.8,26.62594427701281,36.18778328310384
490,26.3,28.025999069213867,76.0,0.0,20.0,5.8,24.965751429021424,33.789725428706426
491,27.5,28.025999069213867,76.0,0.0,19.3,5.6,28.175970921329444,35.952791276398834
492,25.6,28.025999069213867,76.0,0.0,20.2,5.8,20.565531012740248,31.769659303822074
493,30.0,28.025999069213867,76.0,0.0,19.2,6.1,26.427175152132595,37.928152545639776
494,28.4,28.025999069213867,76.0,0.0,20.8,6.1,21.615475639803197,34.884642691940954
495,27.9,28.025999069213867,76.0,0.0,19.8,6.4,29.301586585182747,36.69047597555482
496,26.8,28.025999069213867,76.0,0.0,19.7,5.8,14.132501004399632,31.03975030131989
497,25.7,28.025999069213867,76.0,0.0,19.9,6.3,17.229919625731434,30.86897588771943
498,29.2,28.025999069213867,76.0,0.0,20.1,5.7,12.658761825003616,32.99762854750109
499,29.7,28.025999069213867,76.0,0.0,20.2,6.3,22.573350613108243,36.472005183932474