id,temperature,humidity,rain,salinity,ph,soil_moisture
20250408000000,26.525999069213867,80.0,0.0,20.7,5.7,28.1
20250408000100,26.525999069213867,80.0,0.0,20.6,5.6,28.2
20250408000200,26.525999069213867,80.0,0.0,19.2,5.6,29.1
20250408000300,26.525999069213867,80.0,0.0,19.0,6.3,27.4
20250408000400,26.525999069213867,80.0,0.0,19.2,5.9,28.6
20250408000500,26.525999069213867,80.0,0.0,20.7,6.5,28.0
20250408000600,26.525999069213867,80.0,0.0,19.7,6.3,28.8
20250408000700,26.525999069213867,80.0,0.0,19.4,5.6,27.7
20250408000800,26.525999069213867,80.0,0.0,20.7,5.8,26.0
20250408000900,26.525999069213867,80.0,0.0,20.5,5.9,28.4
20250408001000,26.525999069213867,80.0,0.0,20.6,5.5,28.7
20250408001100,26.525999069213867,80.0,0.0,19.6,6.1,29.9
20250408001200,26.525999069213867,80.0,0.0,20.9,6.2,26.9
20250408001300,26.525999069213867,80.0,0.0,20.2,6.2,25.5
20250408001400,26.525999069213867,80.0,0.0,19.9,5.7,28.1
20250408001500,26.525999069213867,80.0,0.0,20.6,5.9,28.7
20250408001600,26.525999069213867,80.0,0.0,19.3,6.1,29.1
20250408001700,26.525999069213867,80.0,0.0,20.5,6.2,26.6
20250408001800,26.525999069213867,80.0,0.0,20.7,5.6,28.3
20250408001900,26.525999069213867,80.0,0.0,19.9,5.9,25.3
20250408002000,26.525999069213867,80.0,0.0,20.1,5.7,29.5
20250408002100,26.525999069213867,80.0,0.0,20.3,5.6,26.2
20250408002200,26.525999069213867,80.0,0.0,19.0,5.8,27.4
20250408002300,26.525999069213867,80.0,0.0,20.9,5.7,29.5
20250408002400,26.525999069213867,80.0,0.0,19.5,6.3,25.2
20250408002500,26.525999069213867,80.0,0.0,20.5,5.6,27.4
20250408002600,26.525999069213867,80.0,0.0,20.6,6.5,26.7
20250408002700,26.525999069213867,80.0,0.0,20.9,6.4,28.0
20250408002800,26.525999069213867,80.0,0.0,19.3,6.1,28.9
20250408002900,26.525999069213867,80.0,0.0,19.7,6.4,30.0
20250408003000,26.525999069213867,80.0,0.0,19.5,5.7,25.5
20250408003100,26.525999069213867,80.0,0.0,20.4,6.4,27.6
20250408003200,26.525999069213867,80.0,0.0,20.1,5.8,27.2
20250408003300,26.525999069213867,80.0,0.0,19.4,6.3,28.9
20250408003400,26.525999069213867,80.0,0.0,19.0,5.6,25.1
20250408003500,26.525999069213867,80.0,0.0,20.4,6.4,25.3
20250408003600,26.525999069213867,80.0,0.0,20.6,5.8,28.4
20250408003700,26.525999069213867,80.0,0.0,19.5,6.2,27.2
20250408003800,26.525999069213867,80.0,0.0,19.2,6.2,25.3
20250408003900,26.525999069213867,80.0,0.0,19.6,6.2,26.7
20250408004000,26.525999069213867,80.0,0.0,20.3,5.8,27.7
20250408004100,26.525999069213867,80.0,0.0,19.6,6.4,26.4
20250408004200,26.525999069213867,80.0,0.0,20.3,6.4,29.9
20250408004300,26.525999069213867,80.0,0.0,20.9,5.9,27.4
20250408004400,26.525999069213867,80.0,0.0,20.7,6.4,26.5
20250408004500,26.525999069213867,80.0,0.0,20.6,6.3,27.1
20250408004600,26.525999069213867,80.0,0.0,20.6,5.9,27.3
20250408004700,26.525999069213867,80.0,0.0,19.6,6.1,29.6
20250408004800,26.525999069213867,80.0,0.0,19.0,6.4,28.9
20250408004900,26.525999069213867,80.0,0.0,20.4,6.2,27.5
20250408005000,26.525999069213867,80.0,0.0,20.3,6.5,28.9
20250408005100,26.525999069213867,80.0,0.0,20.6,6.0,26.3
20250408005200,26.525999069213867,80.0,0.0,20.2,6.3,29.1
20250408005300,26.525999069213867,80.0,0.0,19.1,6.0,26.6
20250408005400,26.525999069213867,80.0,0.0,20.6,5.6,28.4
20250408005500,26.525999069213867,80.0,0.0,20.1,5.7,28.2
20250408005600,26.525999069213867,80.0,0.0,19.7,5.8,25.2
20250408005700,26.525999069213867,80.0,0.0,19.7,6.0,26.6
20250408005800,26.525999069213867,80.0,0.0,20.2,6.2,28.1
20250408005900,26.525999069213867,80.0,0.0,20.2,5.7,28.0
20250408010000,26.72599983215332,80.0,0.0,19.0,6.1,26.5
20250408010100,26.72599983215332,80.0,0.0,19.1,6.0,28.3
20250408010200,26.72599983215332,80.0,0.0,19.3,6.1,25.4
20250408010300,26.72599983215332,80.0,0.0,20.5,6.3,27.7
20250408010400,26.72599983215332,80.0,0.0,20.6,5.6,28.6
20250408010500,26.72599983215332,80.0,0.0,19.6,6.4,25.6
20250408010600,26.72599983215332,80.0,0.0,19.5,5.8,28.6
20250408010700,26.72599983215332,80.0,0.0,19.4,6.0,25.8
20250408010800,26.72599983215332,80.0,0.0,20.1,5.8,30.0
20250408010900,26.72599983215332,80.0,0.0,20.4,5.6,29.4
20250408011000,26.72599983215332,80.0,0.0,20.2,6.0,27.3
20250408011100,26.72599983215332,80.0,0.0,20.4,5.9,26.7
20250408011200,26.72599983215332,80.0,0.0,19.9,5.9,28.9
20250408011300,26.72599983215332,80.0,0.0,19.1,5.8,27.3
20250408011400,26.72599983215332,80.0,0.0,19.9,6.5,25.2
20250408011500,26.72599983215332,80.0,0.0,19.7,6.2,25.3
20250408011600,26.72599983215332,80.0,0.0,20.1,5.9,29.7
20250408011700,26.72599983215332,80.0,0.0,19.4,5.7,25.1
20250408011800,26.72599983215332,80.0,0.0,20.8,6.0,29.2
20250408011900,26.72599983215332,80.0,0.0,19.7,5.7,28.9
20250408012000,26.72599983215332,80.0,0.0,19.8,5.9,27.6
20250408012100,26.72599983215332,80.0,0.0,20.8,5.7,28.6
20250408012200,26.72599983215332,80.0,0.0,19.1,5.9,27.1
20250408012300,26.72599983215332,80.0,0.0,20.1,5.7,27.3
20250408012400,26.72599983215332,80.0,0.0,20.9,5.6,25.6
20250408012500,26.72599983215332,80.0,0.0,20.9,6.3,27.6
20250408012600,26.72599983215332,80.0,0.0,20.2,6.1,28.4
20250408012700,26.72599983215332,80.0,0.0,19.5,6.0,28.9
20250408012800,26.72599983215332,80.0,0.0,20.3,6.2,26.3
20250408012900,26.72599983215332,80.0,0.0,20.6,6.3,26.7
20250408013000,26.72599983215332,80.0,0.0,19.8,6.4,29.6
20250408013100,26.72599983215332,80.0,0.0,20.6,6.2,26.1
20250408013200,26.72599983215332,80.0,0.0,19.2,6.4,27.5
20250408013300,26.72599983215332,80.0,0.0,20.5,6.0,28.6
20250408013400,26.72599983215332,80.0,0.0,20.9,6.2,28.6
20250408013500,26.72599983215332,80.0,0.0,19.7,6.0,25.7
20250408013600,26.72599983215332,80.0,0.0,19.8,6.3,29.3
20250408013700,26.72599983215332,80.0,0.0,20.6,5.7,25.6
20250408013800,26.72599983215332,80.0,0.0,19.4,5.7,29.5
20250408013900,26.72599983215332,80.0,0.0,20.0,6.2,29.7
20250408014000,26.72599983215332,80.0,0.0,19.1,6.3,28.6
20250408014100,26.72599983215332,80.0,0.0,21.0,6.4,27.5
20250408014200,26.72599983215332,80.0,0.0,19.9,5.9,27.3
20250408014300,26.72599983215332,80.0,0.0,20.7,5.9,28.1
20250408014400,26.72599983215332,80.0,0.0,20.3,5.8,29.2
20250408014500,26.72599983215332,80.0,0.0,19.3,5.5,29.6
20250408014600,26.72599983215332,80.0,0.0,20.6,6.3,29.4
20250408014700,26.72599983215332,80.0,0.0,19.9,6.2,25.1
20250408014800,26.72599983215332,80.0,0.0,19.4,6.0,27.4
20250408014900,26.72599983215332,80.0,0.0,19.5,6.1,27.5
20250408015000,26.72599983215332,80.0,0.0,20.0,5.9,25.3
20250408015100,26.72599983215332,80.0,0.0,20.5,6.5,27.8
20250408015200,26.72599983215332,80.0,0.0,19.8,5.9,26.9
20250408015300,26.72599983215332,80.0,0.0,20.5,5.9,28.8
20250408015400,26.72599983215332,80.0,0.0,19.1,6.3,27.0
20250408015500,26.72599983215332,80.0,0.0,19.5,6.4,25.6
20250408015600,26.72599983215332,80.0,0.0,19.2,5.7,25.8
20250408015700,26.72599983215332,80.0,0.0,21.0,6.5,26.9
20250408015800,26.72599983215332,80.0,0.0,19.9,6.4,28.4
20250408015900,26.72599983215332,80.0,0.0,20.8,5.7,26.7
20250408020000,26.575998306274414,82.0,0.0,20.3,5.6,28.8
20250408020100,26.575998306274414,82.0,0.0,19.1,5.9,25.8
20250408020200,26.575998306274414,82.0,0.0,19.8,5.6,29.4
20250408020300,26.575998306274414,82.0,0.0,20.5,5.7,28.3
20250408020400,26.575998306274414,82.0,0.0,20.7,6.2,28.9
20250408020500,26.575998306274414,82.0,0.0,21.0,5.8,28.1
20250408020600,26.575998306274414,82.0,0.0,19.8,6.2,29.4
20250408020700,26.575998306274414,82.0,0.0,19.4,6.4,28.1
20250408020800,26.575998306274414,82.0,0.0,20.1,5.6,29.2
20250408020900,26.575998306274414,82.0,0.0,19.1,6.1,29.8
20250408021000,26.575998306274414,82.0,0.0,20.9,6.0,29.6
20250408021100,26.575998306274414,82.0,0.0,20.8,6.2,29.6
20250408021200,26.575998306274414,82.0,0.0,19.7,6.4,25.8
20250408021300,26.575998306274414,82.0,0.0,20.4,5.8,27.6
20250408021400,26.575998306274414,82.0,0.0,19.7,6.0,27.1
20250408021500,26.575998306274414,82.0,0.0,20.4,5.6,28.8
20250408021600,26.575998306274414,82.0,0.0,20.3,6.4,25.2
20250408021700,26.575998306274414,82.0,0.0,20.7,5.7,28.5
20250408021800,26.575998306274414,82.0,0.0,20.7,6.3,29.1
20250408021900,26.575998306274414,82.0,0.0,19.9,6.3,26.9
20250408022000,26.575998306274414,82.0,0.0,20.9,6.0,29.8
20250408022100,26.575998306274414,82.0,0.0,20.8,6.1,29.1
20250408022200,26.575998306274414,82.0,0.0,20.5,6.1,29.4
20250408022300,26.575998306274414,82.0,0.0,19.4,5.9,28.4
20250408022400,26.575998306274414,82.0,0.0,20.3,6.0,29.1
20250408022500,26.575998306274414,82.0,0.0,19.8,5.9,28.0
20250408022600,26.575998306274414,82.0,0.0,19.6,6.2,25.8
20250408022700,26.575998306274414,82.0,0.0,20.6,5.5,28.6
20250408022800,26.575998306274414,82.0,0.0,20.5,5.7,28.5
20250408022900,26.575998306274414,82.0,0.0,20.3,5.8,27.7
20250408023000,26.575998306274414,82.0,0.0,20.4,6.2,26.3
20250408023100,26.575998306274414,82.0,0.0,20.1,5.8,27.4
20250408023200,26.575998306274414,82.0,0.0,19.3,6.2,28.0
20250408023300,26.575998306274414,82.0,0.0,20.6,6.4,29.4
20250408023400,26.575998306274414,82.0,0.0,19.7,6.3,27.4
20250408023500,26.575998306274414,82.0,0.0,20.2,6.4,26.3
20250408023600,26.575998306274414,82.0,0.0,20.3,6.0,28.7
20250408023700,26.575998306274414,82.0,0.0,20.9,6.2,27.1
20250408023800,26.575998306274414,82.0,0.0,21.0,6.0,29.9
20250408023900,26.575998306274414,82.0,0.0,19.5,6.4,27.4
20250408024000,26.575998306274414,82.0,0.0,20.8,6.5,29.1
20250408024100,26.575998306274414,82.0,0.0,20.6,6.4,26.1
20250408024200,26.575998306274414,82.0,0.0,20.6,5.9,25.7
20250408024300,26.575998306274414,82.0,0.0,19.4,5.8,28.1
20250408024400,26.575998306274414,82.0,0.0,20.5,5.8,27.4
20250408024500,26.575998306274414,82.0,0.0,20.0,6.4,29.9
20250408024600,26.575998306274414,82.0,0.0,19.6,5.9,28.5
20250408024700,26.575998306274414,82.0,0.0,20.3,5.7,28.3
20250408024800,26.575998306274414,82.0,0.0,20.5,5.5,27.0
20250408024900,26.575998306274414,82.0,0.0,20.5,5.6,29.0
20250408025000,26.575998306274414,82.0,0.0,19.1,6.4,29.8
20250408025100,26.575998306274414,82.0,0.0,19.7,6.3,27.1
20250408025200,26.575998306274414,82.0,0.0,20.9,6.2,30.0
20250408025300,26.575998306274414,82.0,0.0,20.7,5.8,27.6
20250408025400,26.575998306274414,82.0,0.0,20.9,6.3,25.7
20250408025500,26.575998306274414,82.0,0.0,20.1,5.5,25.9
20250408025600,26.575998306274414,82.0,0.0,19.6,5.8,25.9
20250408025700,26.575998306274414,82.0,0.0,19.3,6.1,29.8
20250408025800,26.575998306274414,82.0,0.0,20.6,6.1,29.6
20250408025900,26.575998306274414,82.0,0.0,20.8,6.2,26.3
20250408030000,26.42599868774414,82.0,0.0,19.7,6.5,26.5
20250408030100,26.42599868774414,82.0,0.0,19.5,6.1,25.9
20250408030200,26.42599868774414,82.0,0.0,21.0,6.0,29.6
20250408030300,26.42599868774414,82.0,0.0,19.1,5.9,27.4
20250408030400,26.42599868774414,82.0,0.0,19.8,6.1,29.2
20250408030500,26.42599868774414,82.0,0.0,20.0,6.3,25.2
20250408030600,26.42599868774414,82.0,0.0,19.2,6.3,25.7
20250408030700,26.42599868774414,82.0,0.0,19.3,5.7,27.2
20250408030800,26.42599868774414,82.0,0.0,20.4,6.3,27.2
20250408030900,26.42599868774414,82.0,0.0,19.9,6.0,28.0
20250408031000,26.42599868774414,82.0,0.0,19.1,5.9,26.5
20250408031100,26.42599868774414,82.0,0.0,20.7,5.9,27.1
20250408031200,26.42599868774414,82.0,0.0,20.4,5.7,28.7
20250408031300,26.42599868774414,82.0,0.0,19.9,5.9,25.5
20250408031400,26.42599868774414,82.0,0.0,19.2,6.1,25.8
20250408031500,26.42599868774414,82.0,0.0,19.3,6.0,29.7
20250408031600,26.42599868774414,82.0,0.0,20.3,5.9,27.1
20250408031700,26.42599868774414,82.0,0.0,20.0,6.4,25.7
20250408031800,26.42599868774414,82.0,0.0,20.8,6.2,25.6
20250408031900,26.42599868774414,82.0,0.0,19.7,6.2,27.7
20250408032000,26.42599868774414,82.0,0.0,20.4,6.2,27.0
20250408032100,26.42599868774414,82.0,0.0,19.9,6.4,25.8
20250408032200,26.42599868774414,82.0,0.0,20.0,6.3,28.2
20250408032300,26.42599868774414,82.0,0.0,19.3,6.2,25.6
20250408032400,26.42599868774414,82.0,0.0,20.2,6.0,28.4
20250408032500,26.42599868774414,82.0,0.0,20.0,5.6,28.6
20250408032600,26.42599868774414,82.0,0.0,20.2,5.5,25.3
20250408032700,26.42599868774414,82.0,0.0,19.3,5.5,29.5
20250408032800,26.42599868774414,82.0,0.0,19.2,6.1,27.3
20250408032900,26.42599868774414,82.0,0.0,20.1,5.8,27.3
20250408033000,26.42599868774414,82.0,0.0,20.7,6.0,29.6
20250408033100,26.42599868774414,82.0,0.0,19.4,6.3,27.1
20250408033200,26.42599868774414,82.0,0.0,20.5,5.8,28.4
20250408033300,26.42599868774414,82.0,0.0,19.8,6.1,28.7
20250408033400,26.42599868774414,82.0,0.0,20.0,5.9,29.4
20250408033500,26.42599868774414,82.0,0.0,19.1,6.2,27.3
20250408033600,26.42599868774414,82.0,0.0,19.7,6.1,27.1
20250408033700,26.42599868774414,82.0,0.0,19.0,5.9,29.9
20250408033800,26.42599868774414,82.0,0.0,19.7,6.4,28.3
20250408033900,26.42599868774414,82.0,0.0,19.3,6.4,28.7
20250408034000,26.42599868774414,82.0,0.0,20.5,5.8,28.3
20250408034100,26.42599868774414,82.0,0.0,20.2,5.6,26.7
20250408034200,26.42599868774414,82.0,0.0,19.8,5.7,27.6
20250408034300,26.42599868774414,82.0,0.0,20.6,6.1,27.6
20250408034400,26.42599868774414,82.0,0.0,20.6,6.4,28.2
20250408034500,26.42599868774414,82.0,0.0,19.7,5.8,28.9
20250408034600,26.42599868774414,82.0,0.0,20.9,6.0,25.6
20250408034700,26.42599868774414,82.0,0.0,20.0,6.4,27.9
20250408034800,26.42599868774414,82.0,0.0,20.0,6.2,26.5
20250408034900,26.42599868774414,82.0,0.0,20.4,6.2,29.6
20250408035000,26.42599868774414,82.0,0.0,19.2,6.4,25.7
20250408035100,26.42599868774414,82.0,0.0,19.6,6.0,29.0
20250408035200,26.42599868774414,82.0,0.0,19.7,5.9,28.7
20250408035300,26.42599868774414,82.0,0.0,20.9,5.8,25.6
20250408035400,26.42599868774414,82.0,0.0,19.6,6.3,28.0
20250408035500,26.42599868774414,82.0,0.0,19.5,6.4,28.7
20250408035600,26.42599868774414,82.0,0.0,20.2,5.9,25.1
20250408035700,26.42599868774414,82.0,0.0,19.8,5.9,27.1
20250408035800,26.42599868774414,82.0,0.0,19.1,5.8,29.9
20250408035900,26.42599868774414,82.0,0.0,20.4,6.3,28.9
20250408040000,26.325998306274414,83.0,0.0,20.9,5.8,29.9
20250408040100,26.325998306274414,83.0,0.0,21.0,5.7,26.6
20250408040200,26.325998306274414,83.0,0.0,20.5,5.9,26.1
20250408040300,26.325998306274414,83.0,0.0,20.6,6.1,26.4
20250408040400,26.325998306274414,83.0,0.0,20.3,6.1,29.2
20250408040500,26.325998306274414,83.0,0.0,19.1,6.3,29.9
20250408040600,26.325998306274414,83.0,0.0,19.5,5.7,29.4
20250408040700,26.325998306274414,83.0,0.0,20.1,6.0,26.6
20250408040800,26.325998306274414,83.0,0.0,19.2,5.7,26.1
20250408040900,26.325998306274414,83.0,0.0,20.2,6.0,27.7
20250408041000,26.325998306274414,83.0,0.0,20.1,5.5,28.0
20250408041100,26.325998306274414,83.0,0.0,19.0,6.1,26.6
20250408041200,26.325998306274414,83.0,0.0,19.8,6.1,25.2
20250408041300,26.325998306274414,83.0,0.0,20.5,6.0,26.8
20250408041400,26.325998306274414,83.0,0.0,19.4,5.9,25.9
20250408041500,26.325998306274414,83.0,0.0,20.5,6.0,28.5
20250408041600,26.325998306274414,83.0,0.0,19.0,6.3,27.1
20250408041700,26.325998306274414,83.0,0.0,20.5,6.3,29.1
20250408041800,26.325998306274414,83.0,0.0,19.9,6.3,27.9
20250408041900,26.325998306274414,83.0,0.0,19.5,6.4,27.5
20250408042000,26.325998306274414,83.0,0.0,20.6,6.0,29.6
20250408042100,26.325998306274414,83.0,0.0,20.5,6.2,28.2
20250408042200,26.325998306274414,83.0,0.0,19.2,6.4,26.1
20250408042300,26.325998306274414,83.0,0.0,20.4,5.6,26.7
20250408042400,26.325998306274414,83.0,0.0,20.1,5.6,26.5
20250408042500,26.325998306274414,83.0,0.0,20.9,5.7,26.3
20250408042600,26.325998306274414,83.0,0.0,20.0,6.1,28.2
20250408042700,26.325998306274414,83.0,0.0,20.8,5.7,25.5
20250408042800,26.325998306274414,83.0,0.0,19.9,5.9,29.4
20250408042900,26.325998306274414,83.0,0.0,20.7,6.2,25.5
20250408043000,26.325998306274414,83.0,0.0,20.4,5.8,25.9
20250408043100,26.325998306274414,83.0,0.0,19.5,5.6,25.2
20250408043200,26.325998306274414,83.0,0.0,19.7,6.4,29.9
20250408043300,26.325998306274414,83.0,0.0,20.0,6.3,27.0
20250408043400,26.325998306274414,83.0,0.0,19.9,6.4,25.9
20250408043500,26.325998306274414,83.0,0.0,20.9,5.8,26.4
20250408043600,26.325998306274414,83.0,0.0,20.2,5.6,27.1
20250408043700,26.325998306274414,83.0,0.0,20.0,5.8,26.7
20250408043800,26.325998306274414,83.0,0.0,20.6,6.4,27.7
20250408043900,26.325998306274414,83.0,0.0,20.7,5.6,26.0
20250408044000,26.325998306274414,83.0,0.0,19.7,6.4,28.5
20250408044100,26.325998306274414,83.0,0.0,20.8,6.5,28.4
20250408044200,26.325998306274414,83.0,0.0,19.2,5.5,26.1
20250408044300,26.325998306274414,83.0,0.0,20.9,5.8,26.5
20250408044400,26.325998306274414,83.0,0.0,19.3,6.2,26.0
20250408044500,26.325998306274414,83.0,0.0,20.1,6.5,26.6
20250408044600,26.325998306274414,83.0,0.0,19.7,5.6,29.3
20250408044700,26.325998306274414,83.0,0.0,19.8,5.7,27.0
20250408044800,26.325998306274414,83.0,0.0,19.7,6.2,27.9
20250408044900,26.325998306274414,83.0,0.0,19.1,5.8,28.9
20250408045000,26.325998306274414,83.0,0.0,21.0,5.9,25.6
20250408045100,26.325998306274414,83.0,0.0,20.8,6.0,28.6
20250408045200,26.325998306274414,83.0,0.0,20.3,6.3,28.0
20250408045300,26.325998306274414,83.0,0.0,19.6,6.5,26.5
20250408045400,26.325998306274414,83.0,0.0,19.9,5.8,30.0
20250408045500,26.325998306274414,83.0,0.0,20.9,5.9,26.0
20250408045600,26.325998306274414,83.0,0.0,19.7,5.7,27.6
20250408045700,26.325998306274414,83.0,0.0,19.0,6.4,25.5
20250408045800,26.325998306274414,83.0,0.0,19.5,6.4,25.9
20250408045900,26.325998306274414,83.0,0.0,19.7,5.7,29.2
20250408050000,26.17599868774414,84.0,0.0,19.9,5.7,26.3
20250408050100,26.17599868774414,84.0,0.0,20.2,5.7,26.4
20250408050200,26.17599868774414,84.0,0.0,19.9,5.9,29.3
20250408050300,26.17599868774414,84.0,0.0,20.0,6.0,29.0
20250408050400,26.17599868774414,84.0,0.0,19.7,6.1,25.5
20250408050500,26.17599868774414,84.0,0.0,21.0,6.3,27.4
20250408050600,26.17599868774414,84.0,0.0,19.2,5.5,28.5
20250408050700,26.17599868774414,84.0,0.0,20.0,6.3,27.3
20250408050800,26.17599868774414,84.0,0.0,20.5,6.3,25.3
20250408050900,26.17599868774414,84.0,0.0,19.9,5.9,29.8
20250408051000,26.17599868774414,84.0,0.0,19.8,6.4,29.4
20250408051100,26.17599868774414,84.0,0.0,19.1,6.4,25.3
20250408051200,26.17599868774414,84.0,0.0,20.3,5.8,27.2
20250408051300,26.17599868774414,84.0,0.0,20.7,6.1,28.2
20250408051400,26.17599868774414,84.0,0.0,20.0,5.8,25.6
20250408051500,26.17599868774414,84.0,0.0,19.4,5.7,26.6
20250408051600,26.17599868774414,84.0,0.0,19.2,5.6,27.4
20250408051700,26.17599868774414,84.0,0.0,19.7,6.3,26.0
20250408051800,26.17599868774414,84.0,0.0,20.3,6.4,27.4
20250408051900,26.17599868774414,84.0,0.0,20.9,6.2,28.1
20250408052000,26.17599868774414,84.0,0.0,20.1,6.3,26.6
20250408052100,26.17599868774414,84.0,0.0,20.6,5.9,28.6
20250408052200,26.17599868774414,84.0,0.0,20.8,6.2,28.8
20250408052300,26.17599868774414,84.0,0.0,20.8,5.6,27.5
20250408052400,26.17599868774414,84.0,0.0,19.7,5.7,25.7
20250408052500,26.17599868774414,84.0,0.0,20.8,5.7,27.3
20250408052600,26.17599868774414,84.0,0.0,20.8,5.8,26.1
20250408052700,26.17599868774414,84.0,0.0,19.9,6.0,25.0
20250408052800,26.17599868774414,84.0,0.0,20.0,5.8,29.0
20250408052900,26.17599868774414,84.0,0.0,20.4,5.5,28.3
20250408053000,26.17599868774414,84.0,0.0,20.8,5.9,25.6
20250408053100,26.17599868774414,84.0,0.0,19.0,5.8,26.0
20250408053200,26.17599868774414,84.0,0.0,19.5,5.9,29.1
20250408053300,26.17599868774414,84.0,0.0,20.7,5.8,28.1
20250408053400,26.17599868774414,84.0,0.0,20.9,6.1,29.3
20250408053500,26.17599868774414,84.0,0.0,19.7,6.2,29.5
20250408053600,26.17599868774414,84.0,0.0,20.3,6.4,29.7
20250408053700,26.17599868774414,84.0,0.0,21.0,5.5,28.4
20250408053800,26.17599868774414,84.0,0.0,20.8,5.6,28.5
20250408053900,26.17599868774414,84.0,0.0,19.7,5.9,25.6
20250408054000,26.17599868774414,84.0,0.0,20.3,5.9,28.9
20250408054100,26.17599868774414,84.0,0.0,19.7,6.4,25.9
20250408054200,26.17599868774414,84.0,0.0,19.1,6.1,29.8
20250408054300,26.17599868774414,84.0,0.0,19.5,5.6,29.7
20250408054400,26.17599868774414,84.0,0.0,19.3,5.9,28.7
20250408054500,26.17599868774414,84.0,0.0,19.6,6.2,26.2
20250408054600,26.17599868774414,84.0,0.0,20.3,5.5,28.8
20250408054700,26.17599868774414,84.0,0.0,19.7,5.8,27.1
20250408054800,26.17599868774414,84.0,0.0,20.2,6.2,27.6
20250408054900,26.17599868774414,84.0,0.0,20.9,6.0,25.5
20250408055000,26.17599868774414,84.0,0.0,20.2,5.9,28.1
20250408055100,26.17599868774414,84.0,0.0,19.2,5.9,29.4
20250408055200,26.17599868774414,84.0,0.0,19.6,5.5,25.7
20250408055300,26.17599868774414,84.0,0.0,20.5,5.8,28.8
20250408055400,26.17599868774414,84.0,0.0,20.6,5.8,29.1
20250408055500,26.17599868774414,84.0,0.0,20.2,5.5,26.1
20250408055600,26.17599868774414,84.0,0.0,19.9,5.6,28.0
20250408055700,26.17599868774414,84.0,0.0,20.2,5.5,28.9
20250408055800,26.17599868774414,84.0,0.0,19.5,5.9,26.6
20250408055900,26.17599868774414,84.0,0.0,19.6,6.3,28.5
20250408060000,26.075998306274414,85.0,0.0,20.4,5.6,25.8
20250408060100,26.075998306274414,85.0,0.0,20.7,6.0,28.3
20250408060200,26.075998306274414,85.0,0.0,19.3,5.8,29.7
20250408060300,26.075998306274414,85.0,0.0,19.1,5.9,26.1
20250408060400,26.075998306274414,85.0,0.0,20.8,6.3,27.8
20250408060500,26.075998306274414,85.0,0.0,20.5,6.1,27.5
20250408060600,26.075998306274414,85.0,0.0,19.9,6.4,29.9
20250408060700,26.075998306274414,85.0,0.0,20.4,6.4,25.0
20250408060800,26.075998306274414,85.0,0.0,20.1,6.2,27.7
20250408060900,26.075998306274414,85.0,0.0,20.8,6.3,27.3
20250408061000,26.075998306274414,85.0,0.0,19.7,6.3,28.7
20250408061100,26.075998306274414,85.0,0.0,20.2,5.7,25.7
20250408061200,26.075998306274414,85.0,0.0,20.1,6.0,28.8
20250408061300,26.075998306274414,85.0,0.0,19.3,6.0,26.2
20250408061400,26.075998306274414,85.0,0.0,20.5,6.1,26.5
20250408061500,26.075998306274414,85.0,0.0,20.8,6.4,26.1
20250408061600,26.075998306274414,85.0,0.0,20.9,6.0,29.6
20250408061700,26.075998306274414,85.0,0.0,20.2,6.4,26.1
20250408061800,26.075998306274414,85.0,0.0,20.1,6.4,29.1
20250408061900,26.075998306274414,85.0,0.0,20.3,6.4,28.9
20250408062000,26.075998306274414,85.0,0.0,19.3,6.4,29.3
20250408062100,26.075998306274414,85.0,0.0,19.6,6.2,29.5
20250408062200,26.075998306274414,85.0,0.0,19.3,5.9,29.5
20250408062300,26.075998306274414,85.0,0.0,20.9,5.7,25.5
20250408062400,26.075998306274414,85.0,0.0,20.4,5.6,27.4
20250408062500,26.075998306274414,85.0,0.0,19.9,5.8,26.1
20250408062600,26.075998306274414,85.0,0.0,19.1,5.6,27.1
20250408062700,26.075998306274414,85.0,0.0,20.5,6.1,29.0
20250408062800,26.075998306274414,85.0,0.0,20.7,6.4,28.7
20250408062900,26.075998306274414,85.0,0.0,19.5,5.7,29.4
20250408063000,26.075998306274414,85.0,0.0,20.3,6.0,29.4
20250408063100,26.075998306274414,85.0,0.0,19.2,5.8,25.5
20250408063200,26.075998306274414,85.0,0.0,19.4,6.0,25.7
20250408063300,26.075998306274414,85.0,0.0,19.5,5.7,30.0
20250408063400,26.075998306274414,85.0,0.0,20.9,6.0,28.9
20250408063500,26.075998306274414,85.0,0.0,20.3,6.2,27.0
20250408063600,26.075998306274414,85.0,0.0,20.8,6.2,26.5
20250408063700,26.075998306274414,85.0,0.0,19.8,6.4,25.6
20250408063800,26.075998306274414,85.0,0.0,21.0,6.4,26.8
20250408063900,26.075998306274414,85.0,0.0,19.1,6.4,27.1
20250408064000,26.075998306274414,85.0,0.0,20.0,5.7,28.2
20250408064100,26.075998306274414,85.0,0.0,19.9,6.3,28.9
20250408064200,26.075998306274414,85.0,0.0,19.8,5.5,29.5
20250408064300,26.075998306274414,85.0,0.0,20.4,5.6,27.5
20250408064400,26.075998306274414,85.0,0.0,20.2,6.4,28.4
20250408064500,26.075998306274414,85.0,0.0,20.8,6.0,25.9
20250408064600,26.075998306274414,85.0,0.0,20.2,5.7,26.1
20250408064700,26.075998306274414,85.0,0.0,20.9,6.1,29.0
20250408064800,26.075998306274414,85.0,0.0,20.9,6.1,26.0
20250408064900,26.075998306274414,85.0,0.0,19.7,6.4,25.7
20250408065000,26.075998306274414,85.0,0.0,19.4,6.2,27.5
20250408065100,26.075998306274414,85.0,0.0,20.1,6.1,25.3
20250408065200,26.075998306274414,85.0,0.0,20.1,5.6,26.4
20250408065300,26.075998306274414,85.0,0.0,20.7,6.5,29.8
20250408065400,26.075998306274414,85.0,0.0,20.0,6.2,25.0
20250408065500,26.075998306274414,85.0,0.0,20.4,6.0,26.1
20250408065600,26.075998306274414,85.0,0.0,19.7,6.3,29.4
20250408065700,26.075998306274414,85.0,0.0,20.6,5.9,25.2
20250408065800,26.075998306274414,85.0,0.0,19.8,5.8,25.6
20250408065900,26.075998306274414,85.0,0.0,20.6,6.3,29.9
20250408070000,26.67599868774414,82.0,0.0,19.8,5.9,29.6
20250408070100,26.67599868774414,82.0,0.0,19.6,5.9,27.6
20250408070200,26.67599868774414,82.0,0.0,19.6,6.4,25.4
20250408070300,26.67599868774414,82.0,0.0,19.3,6.2,26.7
20250408070400,26.67599868774414,82.0,0.0,20.1,6.0,29.3
20250408070500,26.67599868774414,82.0,0.0,20.2,5.9,30.0
20250408070600,26.67599868774414,82.0,0.0,20.6,5.7,28.6
20250408070700,26.67599868774414,82.0,0.0,20.3,5.9,29.1
20250408070800,26.67599868774414,82.0,0.0,20.6,6.4,27.6
20250408070900,26.67599868774414,82.0,0.0,19.6,6.4,25.5
20250408071000,26.67599868774414,82.0,0.0,20.8,6.5,27.7
20250408071100,26.67599868774414,82.0,0.0,20.4,6.2,25.9
20250408071200,26.67599868774414,82.0,0.0,20.5,6.1,28.4
20250408071300,26.67599868774414,82.0,0.0,19.9,6.2,27.1
20250408071400,26.67599868774414,82.0,0.0,19.7,6.2,28.3
20250408071500,26.67599868774414,82.0,0.0,20.5,6.2,28.4
20250408071600,26.67599868774414,82.0,0.0,19.8,6.1,28.5
20250408071700,26.67599868774414,82.0,0.0,20.8,6.2,28.4
20250408071800,26.67599868774414,82.0,0.0,19.0,6.4,26.1
20250408071900,26.67599868774414,82.0,0.0,20.1,5.9,26.5
20250408072000,26.67599868774414,82.0,0.0,19.4,6.0,25.9
20250408072100,26.67599868774414,82.0,0.0,20.3,6.4,29.6
20250408072200,26.67599868774414,82.0,0.0,20.1,6.0,25.6
20250408072300,26.67599868774414,82.0,0.0,19.3,5.8,30.0
20250408072400,26.67599868774414,82.0,0.0,20.7,5.9,28.3
20250408072500,26.67599868774414,82.0,0.0,20.2,6.0,27.5
20250408072600,26.67599868774414,82.0,0.0,19.3,6.5,25.3
20250408072700,26.67599868774414,82.0,0.0,19.3,5.5,28.9
20250408072800,26.67599868774414,82.0,0.0,19.5,5.7,25.4
20250408072900,26.67599868774414,82.0,0.0,21.0,6.2,26.9
20250408073000,26.67599868774414,82.0,0.0,19.5,6.5,27.9
20250408073100,26.67599868774414,82.0,0.0,20.5,6.2,25.1
20250408073200,26.67599868774414,82.0,0.0,20.5,6.3,26.5
20250408073300,26.67599868774414,82.0,0.0,20.9,6.2,25.5
20250408073400,26.67599868774414,82.0,0.0,20.1,6.2,28.5
20250408073500,26.67599868774414,82.0,0.0,19.5,6.4,30.0
20250408073600,26.67599868774414,82.0,0.0,19.3,5.8,27.5
20250408073700,26.67599868774414,82.0,0.0,20.0,6.4,28.1
20250408073800,26.67599868774414,82.0,0.0,20.1,6.3,29.7
20250408073900,26.67599868774414,82.0,0.0,20.4,6.0,26.1
20250408074000,26.67599868774414,82.0,0.0,21.0,5.9,25.5
20250408074100,26.67599868774414,82.0,0.0,20.3,5.8,26.8
20250408074200,26.67599868774414,82.0,0.0,20.8,6.1,29.2
20250408074300,26.67599868774414,82.0,0.0,19.8,5.6,25.2
20250408074400,26.67599868774414,82.0,0.0,19.7,6.3,28.6
20250408074500,26.67599868774414,82.0,0.0,19.5,6.1,25.0
20250408074600,26.67599868774414,82.0,0.0,19.6,5.9,27.7
20250408074700,26.67599868774414,82.0,0.0,19.7,5.8,28.2
20250408074800,26.67599868774414,82.0,0.0,19.7,5.8,27.3
20250408074900,26.67599868774414,82.0,0.0,20.1,6.2,26.5
20250408075000,26.67599868774414,82.0,0.0,19.1,6.1,27.8
20250408075100,26.67599868774414,82.0,0.0,20.9,6.3,28.9
20250408075200,26.67599868774414,82.0,0.0,19.2,5.6,29.9
20250408075300,26.67599868774414,82.0,0.0,20.3,6.3,25.5
20250408075400,26.67599868774414,82.0,0.0,20.1,5.8,25.5
20250408075500,26.67599868774414,82.0,0.0,20.4,6.4,28.5
20250408075600,26.67599868774414,82.0,0.0,20.9,5.9,28.3
20250408075700,26.67599868774414,82.0,0.0,20.1,5.8,27.1
20250408075800,26.67599868774414,82.0,0.0,20.5,6.2,27.5
20250408075900,26.67599868774414,82.0,0.0,19.1,6.3,26.8
20250408080000,28.025999069213867,76.0,0.0,20.7,6.0,25.2
20250408080100,28.025999069213867,76.0,0.0,19.8,5.5,27.3
20250408080200,28.025999069213867,76.0,0.0,20.8,6.0,27.4
20250408080300,28.025999069213867,76.0,0.0,20.8,6.1,26.6
20250408080400,28.025999069213867,76.0,0.0,20.7,6.1,28.6
20250408080500,28.025999069213867,76.0,0.0,19.9,6.2,25.7
20250408080600,28.025999069213867,76.0,0.0,20.1,6.2,28.2
20250408080700,28.025999069213867,76.0,0.0,19.5,5.7,28.5
20250408080800,28.025999069213867,76.0,0.0,20.8,6.4,28.8
20250408080900,28.025999069213867,76.0,0.0,20.5,5.8,28.2
20250408081000,28.025999069213867,76.0,0.0,20.0,5.8,26.3
20250408081100,28.025999069213867,76.0,0.0,19.3,5.6,27.5
20250408081200,28.025999069213867,76.0,0.0,20.2,5.8,25.6
20250408081300,28.025999069213867,76.0,0.0,19.2,6.1,30.0
20250408081400,28.025999069213867,76.0,0.0,20.8,6.1,28.4
20250408081500,28.025999069213867,76.0,0.0,19.8,6.4,27.9
20250408081600,28.025999069213867,76.0,0.0,19.7,5.8,26.8
20250408081700,28.025999069213867,76.0,0.0,19.9,6.3,25.7
20250408081800,28.025999069213867,76.0,0.0,20.1,5.7,29.2
20250408081900,28.025999069213867,76.0,0.0,20.2,6.3,29.7
20250408082000,28.025999069213867,76.0,0.0,20.5,6.1,26.0
20250408082100,28.025999069213867,76.0,0.0,19.7,5.5,28.4
20250408082200,28.025999069213867,76.0,0.0,20.7,5.6,27.4
20250408082300,28.025999069213867,76.0,0.0,20.7,5.9,28.4
20250408082400,28.025999069213867,76.0,0.0,20.8,5.5,25.3
20250408082500,28.025999069213867,76.0,0.0,20.7,5.8,27.0
20250408082600,28.025999069213867,76.0,0.0,19.2,6.4,26.2
20250408082700,28.025999069213867,76.0,0.0,20.3,5.9,29.0
20250408082800,28.025999069213867,76.0,0.0,20.1,6.1,27.9
20250408082900,28.025999069213867,76.0,0.0,20.6,6.0,28.7
20250408083000,28.025999069213867,76.0,0.0,19.2,6.4,28.7
20250408083100,28.025999069213867,76.0,0.0,19.6,6.2,25.7
20250408083200,28.025999069213867,76.0,0.0,19.8,6.2,29.5
20250408083300,28.025999069213867,76.0,0.0,19.3,5.6,27.1
20250408083400,28.025999069213867,76.0,0.0,20.6,5.9,28.1
20250408083500,28.025999069213867,76.0,0.0,20.1,5.6,25.8
20250408083600,28.025999069213867,76.0,0.0,20.8,6.4,29.2
20250408083700,28.025999069213867,76.0,0.0,19.1,6.0,26.0
20250408083800,28.025999069213867,76.0,0.0,19.9,6.2,28.5
20250408083900,28.025999069213867,76.0,0.0,20.8,6.1,28.9
20250408084000,28.025999069213867,76.0,0.0,20.4,5.9,25.7
20250408084100,28.025999069213867,76.0,0.0,20.3,6.3,25.4
20250408084200,28.025999069213867,76.0,0.0,20.7,5.9,28.2
20250408084300,28.025999069213867,76.0,0.0,19.2,6.3,26.5
20250408084400,28.025999069213867,76.0,0.0,20.2,6.2,26.8
20250408084500,28.025999069213867,76.0,0.0,20.0,5.7,29.3
20250408084600,28.025999069213867,76.0,0.0,20.7,5.8,26.3
20250408084700,28.025999069213867,76.0,0.0,19.5,5.9,29.9
20250408084800,28.025999069213867,76.0,0.0,20.0,6.2,26.8
20250408084900,28.025999069213867,76.0,0.0,20.1,6.0,27.5
20250408085000,28.025999069213867,76.0,0.0,19.8,6.2,26.2
20250408085100,28.025999069213867,76.0,0.0,20.2,5.8,28.8
20250408085200,28.025999069213867,76.0,0.0,19.7,5.9,29.4
20250408085300,28.025999069213867,76.0,0.0,19.9,6.4,28.8
20250408085400,28.025999069213867,76.0,0.0,20.8,5.7,28.2
20250408085500,28.025999069213867,76.0,0.0,20.3,6.2,27.7
20250408085600,28.025999069213867,76.0,0.0,20.1,5.9,29.7
20250408085700,28.025999069213867,76.0,0.0,20.7,5.8,27.0
20250408085800,28.025999069213867,76.0,0.0,19.5,6.4,25.1
20250408085900,28.025999069213867,76.0,0.0,20.4,6.2,28.2
20250408090000,29.375999450683594,71.0,0.0,20.5,5.6,26.7
20250408090100,29.375999450683594,71.0,0.0,20.1,5.7,25.5
20250408090200,29.375999450683594,71.0,0.0,19.6,6.0,28.5
20250408090300,29.375999450683594,71.0,0.0,20.2,6.4,27.3
20250408090400,29.375999450683594,71.0,0.0,19.4,5.6,28.9
20250408090500,29.375999450683594,71.0,0.0,20.9,5.5,26.0
20250408090600,29.375999450683594,71.0,0.0,20.8,5.7,28.8
20250408090700,29.375999450683594,71.0,0.0,20.6,5.9,27.7
20250408090800,29.375999450683594,71.0,0.0,19.7,6.0,27.5
20250408090900,29.375999450683594,71.0,0.0,19.2,6.0,27.8
20250408091000,29.375999450683594,71.0,0.0,20.9,5.9,28.5
20250408091100,29.375999450683594,71.0,0.0,19.8,5.7,26.7
20250408091200,29.375999450683594,71.0,0.0,19.2,6.5,25.1
20250408091300,29.375999450683594,71.0,0.0,19.6,6.1,29.7
20250408091400,29.375999450683594,71.0,0.0,20.1,5.9,26.0
20250408091500,29.375999450683594,71.0,0.0,20.5,6.0,25.9
20250408091600,29.375999450683594,71.0,0.0,20.9,6.4,29.9
20250408091700,29.375999450683594,71.0,0.0,20.9,6.1,29.5
20250408091800,29.375999450683594,71.0,0.0,20.5,5.6,25.9
20250408091900,29.375999450683594,71.0,0.0,19.9,6.2,28.6
20250408092000,29.375999450683594,71.0,0.0,19.8,6.4,26.0
20250408092100,29.375999450683594,71.0,0.0,20.4,6.3,29.1
20250408092200,29.375999450683594,71.0,0.0,20.7,6.3,27.4
20250408092300,29.375999450683594,71.0,0.0,19.1,6.4,29.1
20250408092400,29.375999450683594,71.0,0.0,19.6,6.1,27.7
20250408092500,29.375999450683594,71.0,0.0,20.9,5.7,25.7
20250408092600,29.375999450683594,71.0,0.0,19.6,6.4,27.0
20250408092700,29.375999450683594,71.0,0.0,19.7,6.5,28.4
20250408092800,29.375999450683594,71.0,0.0,19.3,6.0,29.8
20250408092900,29.375999450683594,71.0,0.0,20.3,6.0,26.8
20250408093000,29.375999450683594,71.0,0.0,19.4,6.2,29.8
20250408093100,29.375999450683594,71.0,0.0,19.6,6.2,28.2
20250408093200,29.375999450683594,71.0,0.0,19.1,5.6,25.0
20250408093300,29.375999450683594,71.0,0.0,19.2,6.1,27.1
20250408093400,29.375999450683594,71.0,0.0,19.2,6.3,27.3
20250408093500,29.375999450683594,71.0,0.0,19.9,5.9,26.5
20250408093600,29.375999450683594,71.0,0.0,19.8,5.6,28.6
20250408093700,29.375999450683594,71.0,0.0,20.8,6.2,28.2
20250408093800,29.375999450683594,71.0,0.0,19.0,5.9,25.6
20250408093900,29.375999450683594,71.0,0.0,20.8,6.1,29.5
20250408094000,29.375999450683594,71.0,0.0,20.3,5.6,26.2
20250408094100,29.375999450683594,71.0,0.0,19.3,6.0,29.8
20250408094200,29.375999450683594,71.0,0.0,20.8,6.2,29.0
20250408094300,29.375999450683594,71.0,0.0,19.2,5.8,29.1
20250408094400,29.375999450683594,71.0,0.0,20.2,6.4,26.8
20250408094500,29.375999450683594,71.0,0.0,20.7,6.5,27.5
20250408094600,29.375999450683594,71.0,0.0,20.8,6.5,27.1
20250408094700,29.375999450683594,71.0,0.0,19.8,5.9,29.9
20250408094800,29.375999450683594,71.0,0.0,20.9,6.0,29.0
20250408094900,29.375999450683594,71.0,0.0,19.2,5.8,26.3
20250408095000,29.375999450683594,71.0,0.0,19.6,5.5,26.7
20250408095100,29.375999450683594,71.0,0.0,19.3,6.0,27.7
20250408095200,29.375999450683594,71.0,0.0,21.0,6.2,29.4
20250408095300,29.375999450683594,71.0,0.0,19.1,5.7,28.4
20250408095400,29.375999450683594,71.0,0.0,20.4,5.5,29.7
20250408095500,29.375999450683594,71.0,0.0,20.0,6.3,29.0
20250408095600,29.375999450683594,71.0,0.0,20.4,6.0,27.6
20250408095700,29.375999450683594,71.0,0.0,20.9,5.5,28.8
20250408095800,29.375999450683594,71.0,0.0,19.4,5.8,25.2
20250408095900,29.375999450683594,71.0,0.0,20.2,6.5,25.0
20250408100000,31.125999450683594,64.0,0.0,19.4,6.4,27.7
20250408100100,31.125999450683594,64.0,0.0,19.0,5.7,29.1
20250408100200,31.125999450683594,64.0,0.0,20.6,5.9,27.1
20250408100300,31.125999450683594,64.0,0.0,19.9,5.8,25.8
20250408100400,31.125999450683594,64.0,0.0,19.8,6.4,28.3
20250408100500,31.125999450683594,64.0,0.0,20.1,6.2,26.7
20250408100600,31.125999450683594,64.0,0.0,20.3,5.7,26.8
20250408100700,31.125999450683594,64.0,0.0,19.6,5.6,29.1
20250408100800,31.125999450683594,64.0,0.0,19.2,5.7,28.9
20250408100900,31.125999450683594,64.0,0.0,19.3,5.8,25.4
20250408101000,31.125999450683594,64.0,0.0,20.6,6.4,26.8
20250408101100,31.125999450683594,64.0,0.0,19.5,6.5,25.8
20250408101200,31.125999450683594,64.0,0.0,20.1,6.4,29.7
20250408101300,31.125999450683594,64.0,0.0,20.8,6.3,26.6
20250408101400,31.125999450683594,64.0,0.0,20.4,5.7,25.7
20250408101500,31.125999450683594,64.0,0.0,20.5,6.4,26.4
20250408101600,31.125999450683594,64.0,0.0,20.1,5.8,25.9
20250408101700,31.125999450683594,64.0,0.0,20.1,5.6,26.3
20250408101800,31.125999450683594,64.0,0.0,19.9,6.4,29.6
20250408101900,31.125999450683594,64.0,0.0,20.2,6.2,25.7
20250408102000,31.125999450683594,64.0,0.0,20.3,6.5,25.8
20250408102100,31.125999450683594,64.0,0.0,19.8,6.2,27.2
20250408102200,31.125999450683594,64.0,0.0,20.7,5.6,28.7
20250408102300,31.125999450683594,64.0,0.0,19.2,6.0,29.9
20250408102400,31.125999450683594,64.0,0.0,19.9,6.0,27.0
20250408102500,31.125999450683594,64.0,0.0,19.9,6.0,27.1
20250408102600,31.125999450683594,64.0,0.0,19.7,5.5,27.1
20250408102700,31.125999450683594,64.0,0.0,20.5,5.9,29.9
20250408102800,31.125999450683594,64.0,0.0,20.7,5.9,29.9
20250408102900,31.125999450683594,64.0,0.0,20.2,5.7,25.1
20250408103000,31.125999450683594,64.0,0.0,19.2,5.9,28.8
20250408103100,31.125999450683594,64.0,0.0,20.2,6.2,29.5
20250408103200,31.125999450683594,64.0,0.0,20.6,5.9,29.9
20250408103300,31.125999450683594,64.0,0.0,20.2,6.1,25.8
20250408103400,31.125999450683594,64.0,0.0,20.1,5.7,28.6
20250408103500,31.125999450683594,64.0,0.0,20.0,5.5,29.0
20250408103600,31.125999450683594,64.0,0.0,19.3,5.8,26.6
20250408103700,31.125999450683594,64.0,0.0,19.1,6.2,25.4
20250408103800,31.125999450683594,64.0,0.0,20.1,5.8,29.3
20250408103900,31.125999450683594,64.0,0.0,20.7,5.7,27.3
20250408104000,31.125999450683594,64.0,0.0,20.6,6.4,29.2
20250408104100,31.125999450683594,64.0,0.0,19.4,6.4,28.8
20250408104200,31.125999450683594,64.0,0.0,20.4,6.0,25.9
20250408104300,31.125999450683594,64.0,0.0,20.2,6.4,27.8
20250408104400,31.125999450683594,64.0,0.0,20.3,6.1,25.8
20250408104500,31.125999450683594,64.0,0.0,19.5,5.8,27.1
20250408104600,31.125999450683594,64.0,0.0,19.7,5.7,27.8
20250408104700,31.125999450683594,64.0,0.0,20.8,5.9,25.2
20250408104800,31.125999450683594,64.0,0.0,20.9,5.8,29.0
20250408104900,31.125999450683594,64.0,0.0,19.4,5.8,25.2
20250408105000,31.125999450683594,64.0,0.0,20.5,6.3,25.5
20250408105100,31.125999450683594,64.0,0.0,20.4,5.7,29.7
20250408105200,31.125999450683594,64.0,0.0,19.6,6.1,27.6
20250408105300,31.125999450683594,64.0,0.0,19.1,6.5,26.9
20250408105400,31.125999450683594,64.0,0.0,20.4,5.7,25.6
20250408105500,31.125999450683594,64.0,0.0,20.4,5.6,28.5
20250408105600,31.125999450683594,64.0,0.0,20.0,6.2,26.4
20250408105700,31.125999450683594,64.0,0.0,19.3,6.2,27.3
20250408105800,31.125999450683594,64.0,0.0,19.2,6.4,28.0
20250408105900,31.125999450683594,64.0,0.0,20.5,5.9,29.4
20250408110000,32.5260009765625,57.0,0.0,20.2,6.0,27.9
20250408110100,32.5260009765625,57.0,0.0,19.5,6.3,26.7
20250408110200,32.5260009765625,57.0,0.0,20.5,5.7,28.6
20250408110300,32.5260009765625,57.0,0.0,20.3,6.2,28.3
20250408110400,32.5260009765625,57.0,0.0,20.1,6.5,27.7
20250408110500,32.5260009765625,57.0,0.0,20.8,5.8,26.2
20250408110600,32.5260009765625,57.0,0.0,19.1,5.6,27.0
20250408110700,32.5260009765625,57.0,0.0,20.8,5.8,29.5
20250408110800,32.5260009765625,57.0,0.0,20.1,5.9,25.5
20250408110900,32.5260009765625,57.0,0.0,19.4,5.7,25.7
20250408111000,32.5260009765625,57.0,0.0,19.0,5.6,28.5
20250408111100,32.5260009765625,57.0,0.0,19.1,6.3,27.6
20250408111200,32.5260009765625,57.0,0.0,19.7,6.3,28.3
20250408111300,32.5260009765625,57.0,0.0,19.3,6.0,25.3
20250408111400,32.5260009765625,57.0,0.0,19.7,6.2,25.7
20250408111500,32.5260009765625,57.0,0.0,20.4,5.5,25.9
20250408111600,32.5260009765625,57.0,0.0,20.1,6.1,28.8
20250408111700,32.5260009765625,57.0,0.0,19.3,6.5,27.2
20250408111800,32.5260009765625,57.0,0.0,20.6,5.6,27.7
20250408111900,32.5260009765625,57.0,0.0,20.6,6.5,25.1
20250408112000,32.5260009765625,57.0,0.0,20.7,6.4,26.6
20250408112100,32.5260009765625,57.0,0.0,20.6,6.0,29.6
20250408112200,32.5260009765625,57.0,0.0,19.9,6.3,29.2
20250408112300,32.5260009765625,57.0,0.0,20.7,6.1,27.7
20250408112400,32.5260009765625,57.0,0.0,20.3,5.6,26.8
20250408112500,32.5260009765625,57.0,0.0,19.3,6.0,25.7
20250408112600,32.5260009765625,57.0,0.0,20.2,6.3,26.9
20250408112700,32.5260009765625,57.0,0.0,19.5,6.1,25.2
20250408112800,32.5260009765625,57.0,0.0,19.2,6.1,29.7
20250408112900,32.5260009765625,57.0,0.0,20.2,5.7,27.8
20250408113000,32.5260009765625,57.0,0.0,20.9,6.2,29.3
20250408113100,32.5260009765625,57.0,0.0,19.5,5.9,27.2
20250408113200,32.5260009765625,57.0,0.0,19.9,5.6,25.6
20250408113300,32.5260009765625,57.0,0.0,21.0,6.2,25.7
20250408113400,32.5260009765625,57.0,0.0,20.5,5.8,28.7
20250408113500,32.5260009765625,57.0,0.0,19.1,5.9,26.6
20250408113600,32.5260009765625,57.0,0.0,19.8,5.8,29.2
20250408113700,32.5260009765625,57.0,0.0,20.4,6.1,25.3
20250408113800,32.5260009765625,57.0,0.0,20.4,5.9,28.7
20250408113900,32.5260009765625,57.0,0.0,19.7,6.0,26.8
20250408114000,32.5260009765625,57.0,0.0,20.3,6.2,28.1
20250408114100,32.5260009765625,57.0,0.0,20.6,6.5,27.8
20250408114200,32.5260009765625,57.0,0.0,20.9,6.3,29.8
20250408114300,32.5260009765625,57.0,0.0,19.6,6.5,27.6
20250408114400,32.5260009765625,57.0,0.0,21.0,5.6,28.9
20250408114500,32.5260009765625,57.0,0.0,20.3,5.8,25.9
20250408114600,32.5260009765625,57.0,0.0,20.3,6.3,29.5
20250408114700,32.5260009765625,57.0,0.0,20.9,5.9,26.8
20250408114800,32.5260009765625,57.0,0.0,19.9,5.6,26.4
20250408114900,32.5260009765625,57.0,0.0,20.9,6.4,25.4
20250408115000,32.5260009765625,57.0,0.0,19.7,6.5,26.3
20250408115100,32.5260009765625,57.0,0.0,21.0,5.6,26.9
20250408115200,32.5260009765625,57.0,0.0,19.1,5.7,28.5
20250408115300,32.5260009765625,57.0,0.0,20.6,6.0,27.0
20250408115400,32.5260009765625,57.0,0.0,20.1,5.9,25.3
20250408115500,32.5260009765625,57.0,0.0,19.8,6.2,27.4
20250408115600,32.5260009765625,57.0,0.0,19.2,6.4,27.2
20250408115700,32.5260009765625,57.0,0.0,20.1,6.5,26.7
20250408115800,32.5260009765625,57.0,0.0,19.0,6.2,26.1
20250408115900,32.5260009765625,57.0,0.0,19.0,5.9,30.0
20250408120000,33.375999450683594,53.0,0.0,20.9,5.6,27.6
20250408120100,33.375999450683594,53.0,0.0,19.9,6.5,26.1
20250408120200,33.375999450683594,53.0,0.0,19.0,5.6,26.6
20250408120300,33.375999450683594,53.0,0.0,20.4,6.1,26.4
20250408120400,33.375999450683594,53.0,0.0,20.2,5.9,27.4
20250408120500,33.375999450683594,53.0,0.0,19.8,5.7,29.9
20250408120600,33.375999450683594,53.0,0.0,19.1,6.3,29.6
20250408120700,33.375999450683594,53.0,0.0,20.0,6.4,26.5
20250408120800,33.375999450683594,53.0,0.0,20.1,5.7,26.8
20250408120900,33.375999450683594,53.0,0.0,20.7,5.9,27.8
20250408121000,33.375999450683594,53.0,0.0,20.6,5.9,25.8
20250408121100,33.375999450683594,53.0,0.0,19.6,5.7,25.3
20250408121200,33.375999450683594,53.0,0.0,19.8,5.9,27.6
20250408121300,33.375999450683594,53.0,0.0,21.0,6.3,25.8
20250408121400,33.375999450683594,53.0,0.0,20.8,6.3,28.6
20250408121500,33.375999450683594,53.0,0.0,20.4,5.9,26.3
20250408121600,33.375999450683594,53.0,0.0,19.9,5.6,28.3
20250408121700,33.375999450683594,53.0,0.0,20.5,6.1,27.2
20250408121800,33.375999450683594,53.0,0.0,20.6,6.2,29.1
20250408121900,33.375999450683594,53.0,0.0,21.0,6.1,28.6
20250408122000,33.375999450683594,53.0,0.0,19.4,6.4,29.1
20250408122100,33.375999450683594,53.0,0.0,19.8,5.6,28.0
20250408122200,33.375999450683594,53.0,0.0,19.1,5.7,30.0
20250408122300,33.375999450683594,53.0,0.0,19.6,6.3,29.8
20250408122400,33.375999450683594,53.0,0.0,19.8,5.8,27.2
20250408122500,33.375999450683594,53.0,0.0,20.2,5.7,29.7
20250408122600,33.375999450683594,53.0,0.0,19.1,5.7,25.6
20250408122700,33.375999450683594,53.0,0.0,20.3,5.8,27.5
20250408122800,33.375999450683594,53.0,0.0,19.9,6.0,28.6
20250408122900,33.375999450683594,53.0,0.0,19.9,6.4,27.4
20250408123000,33.375999450683594,53.0,0.0,19.6,6.4,26.4
20250408123100,33.375999450683594,53.0,0.0,19.7,6.3,29.6
20250408123200,33.375999450683594,53.0,0.0,20.3,6.4,26.8
20250408123300,33.375999450683594,53.0,0.0,20.8,5.7,26.7
20250408123400,33.375999450683594,53.0,0.0,19.9,5.7,26.0
20250408123500,33.375999450683594,53.0,0.0,20.9,6.1,28.6
20250408123600,33.375999450683594,53.0,0.0,19.8,5.7,27.5
20250408123700,33.375999450683594,53.0,0.0,20.0,6.5,26.6
20250408123800,33.375999450683594,53.0,0.0,20.7,6.4,29.1
20250408123900,33.375999450683594,53.0,0.0,19.6,5.9,27.0
20250408124000,33.375999450683594,53.0,0.0,20.8,6.3,27.7
20250408124100,33.375999450683594,53.0,0.0,20.2,6.3,25.5
20250408124200,33.375999450683594,53.0,0.0,20.1,6.4,25.5
20250408124300,33.375999450683594,53.0,0.0,19.2,5.6,29.0
20250408124400,33.375999450683594,53.0,0.0,19.6,6.5,29.9
20250408124500,33.375999450683594,53.0,0.0,19.7,5.8,27.7
20250408124600,33.375999450683594,53.0,0.0,20.7,5.8,29.4
20250408124700,33.375999450683594,53.0,0.0,20.8,6.1,27.0
20250408124800,33.375999450683594,53.0,0.0,19.6,5.7,26.5
20250408124900,33.375999450683594,53.0,0.0,20.4,6.4,27.5
20250408125000,33.375999450683594,53.0,0.0,20.1,6.1,26.6
20250408125100,33.375999450683594,53.0,0.0,19.9,6.2,25.2
20250408125200,33.375999450683594,53.0,0.0,20.1,5.6,29.2
20250408125300,33.375999450683594,53.0,0.0,20.2,5.8,29.5
20250408125400,33.375999450683594,53.0,0.0,19.4,5.8,29.1
20250408125500,33.375999450683594,53.0,0.0,20.8,5.8,28.5
20250408125600,33.375999450683594,53.0,0.0,19.7,6.5,25.2
20250408125700,33.375999450683594,53.0,0.0,20.7,5.9,25.9
20250408125800,33.375999450683594,53.0,0.0,20.4,5.7,29.6
20250408125900,33.375999450683594,53.0,0.0,20.7,5.6,26.5
20250408130000,32.82600021362305,55.0,0.0,19.9,6.2,29.0
20250408130100,32.82600021362305,55.0,0.0,19.4,6.4,26.6
20250408130200,32.82600021362305,55.0,0.0,20.9,5.8,28.6
20250408130300,32.82600021362305,55.0,0.0,20.8,5.6,28.0
20250408130400,32.82600021362305,55.0,0.0,20.5,5.6,26.7
20250408130500,32.82600021362305,55.0,0.0,20.5,5.9,28.0
20250408130600,32.82600021362305,55.0,0.0,20.0,6.3,27.1
20250408130700,32.82600021362305,55.0,0.0,20.8,6.4,29.3
20250408130800,32.82600021362305,55.0,0.0,19.7,5.8,28.3
20250408130900,32.82600021362305,55.0,0.0,20.2,5.9,29.2
20250408131000,32.82600021362305,55.0,0.0,20.6,5.6,26.5
20250408131100,32.82600021362305,55.0,0.0,20.7,6.1,26.8
20250408131200,32.82600021362305,55.0,0.0,19.9,6.0,27.8
20250408131300,32.82600021362305,55.0,0.0,19.1,5.8,28.9
20250408131400,32.82600021362305,55.0,0.0,19.1,5.9,29.0
20250408131500,32.82600021362305,55.0,0.0,19.4,6.4,28.2
20250408131600,32.82600021362305,55.0,0.0,20.6,6.1,25.4
20250408131700,32.82600021362305,55.0,0.0,20.4,6.5,26.5
20250408131800,32.82600021362305,55.0,0.0,19.2,6.3,25.7
20250408131900,32.82600021362305,55.0,0.0,19.3,5.6,28.3
20250408132000,32.82600021362305,55.0,0.0,20.4,5.7,27.5
20250408132100,32.82600021362305,55.0,0.0,21.0,6.1,27.1
20250408132200,32.82600021362305,55.0,0.0,20.8,6.3,27.5
20250408132300,32.82600021362305,55.0,0.0,20.4,6.2,26.9
20250408132400,32.82600021362305,55.0,0.0,20.5,5.5,29.1
20250408132500,32.82600021362305,55.0,0.0,20.5,6.3,28.3
20250408132600,32.82600021362305,55.0,0.0,19.2,6.3,27.6
20250408132700,32.82600021362305,55.0,0.0,19.3,5.9,26.9
20250408132800,32.82600021362305,55.0,0.0,20.6,5.6,28.8
20250408132900,32.82600021362305,55.0,0.0,19.2,6.2,28.5
20250408133000,32.82600021362305,55.0,0.0,19.6,6.1,25.2
20250408133100,32.82600021362305,55.0,0.0,21.0,5.6,25.8
20250408133200,32.82600021362305,55.0,0.0,19.8,6.1,28.8
20250408133300,32.82600021362305,55.0,0.0,20.0,5.7,26.6
20250408133400,32.82600021362305,55.0,0.0,19.6,6.0,25.4
20250408133500,32.82600021362305,55.0,0.0,19.7,6.3,28.8
20250408133600,32.82600021362305,55.0,0.0,20.0,6.0,26.8
20250408133700,32.82600021362305,55.0,0.0,20.7,5.7,26.5
20250408133800,32.82600021362305,55.0,0.0,20.8,5.8,25.9
20250408133900,32.82600021362305,55.0,0.0,20.8,6.4,27.4
20250408134000,32.82600021362305,55.0,0.0,19.8,6.0,27.3
20250408134100,32.82600021362305,55.0,0.0,20.0,6.0,28.5
20250408134200,32.82600021362305,55.0,0.0,19.7,6.4,25.3
20250408134300,32.82600021362305,55.0,0.0,19.9,5.5,28.0
20250408134400,32.82600021362305,55.0,0.0,19.9,6.4,28.3
20250408134500,32.82600021362305,55.0,0.0,19.5,6.0,25.6
20250408134600,32.82600021362305,55.0,0.0,19.3,5.8,26.9
20250408134700,32.82600021362305,55.0,0.0,19.4,6.4,27.3
20250408134800,32.82600021362305,55.0,0.0,20.7,5.8,25.6
20250408134900,32.82600021362305,55.0,0.0,19.5,5.6,27.3
20250408135000,32.82600021362305,55.0,0.0,19.1,6.2,29.6
20250408135100,32.82600021362305,55.0,0.0,19.3,6.1,28.9
20250408135200,32.82600021362305,55.0,0.0,19.6,6.4,29.4
20250408135300,32.82600021362305,55.0,0.0,19.4,6.3,25.5
20250408135400,32.82600021362305,55.0,0.0,19.1,5.9,28.0
20250408135500,32.82600021362305,55.0,0.0,20.9,6.5,28.3
20250408135600,32.82600021362305,55.0,0.0,20.3,6.3,25.8
20250408135700,32.82600021362305,55.0,0.0,20.4,5.8,27.8
20250408135800,32.82600021362305,55.0,0.0,20.8,5.7,29.6
20250408135900,32.82600021362305,55.0,0.0,19.7,6.2,26.2
20250408140000,33.32600021362305,53.0,0.0,19.8,5.8,28.6
20250408140100,33.32600021362305,53.0,0.0,20.3,6.4,29.4
20250408140200,33.32600021362305,53.0,0.0,20.5,5.6,28.4
20250408140300,33.32600021362305,53.0,0.0,19.4,5.5,28.7
20250408140400,33.32600021362305,53.0,0.0,19.4,5.7,28.1
20250408140500,33.32600021362305,53.0,0.0,20.1,6.0,27.2
20250408140600,33.32600021362305,53.0,0.0,19.1,5.5,29.2
20250408140700,33.32600021362305,53.0,0.0,20.6,6.2,28.7
20250408140800,33.32600021362305,53.0,0.0,19.4,5.7,26.0
20250408140900,33.32600021362305,53.0,0.0,19.9,5.7,26.6
20250408141000,33.32600021362305,53.0,0.0,20.2,6.3,25.2
20250408141100,33.32600021362305,53.0,0.0,21.0,6.2,26.4
20250408141200,33.32600021362305,53.0,0.0,19.2,5.5,25.5
20250408141300,33.32600021362305,53.0,0.0,20.5,5.8,29.6
20250408141400,33.32600021362305,53.0,0.0,20.3,6.4,28.2
20250408141500,33.32600021362305,53.0,0.0,20.2,6.1,25.1
20250408141600,33.32600021362305,53.0,0.0,20.9,6.2,26.9
20250408141700,33.32600021362305,53.0,0.0,19.3,6.0,26.9
20250408141800,33.32600021362305,53.0,0.0,19.7,6.0,28.9
20250408141900,33.32600021362305,53.0,0.0,19.2,5.7,26.6
20250408142000,33.32600021362305,53.0,0.0,19.2,5.8,29.4
20250408142100,33.32600021362305,53.0,0.0,20.4,6.2,29.4
20250408142200,33.32600021362305,53.0,0.0,20.7,6.4,29.3
20250408142300,33.32600021362305,53.0,0.0,19.4,6.0,25.1
20250408142400,33.32600021362305,53.0,0.0,19.7,5.8,27.6
20250408142500,33.32600021362305,53.0,0.0,20.4,6.0,27.9
20250408142600,33.32600021362305,53.0,0.0,19.4,6.1,26.7
20250408142700,33.32600021362305,53.0,0.0,20.0,5.8,27.0
20250408142800,33.32600021362305,53.0,0.0,20.2,6.0,26.5
20250408142900,33.32600021362305,53.0,0.0,20.5,6.5,25.6
20250408143000,33.32600021362305,53.0,0.0,20.6,5.9,25.1
20250408143100,33.32600021362305,53.0,0.0,20.8,6.2,27.1
20250408143200,33.32600021362305,53.0,0.0,19.4,6.0,29.2
20250408143300,33.32600021362305,53.0,0.0,20.1,5.8,26.8
20250408143400,33.32600021362305,53.0,0.0,19.8,6.4,29.2
20250408143500,33.32600021362305,53.0,0.0,20.3,6.3,25.2
20250408143600,33.32600021362305,53.0,0.0,20.2,6.4,26.1
20250408143700,33.32600021362305,53.0,0.0,20.8,6.3,25.9
20250408143800,33.32600021362305,53.0,0.0,20.1,5.9,25.6
20250408143900,33.32600021362305,53.0,0.0,19.6,6.4,25.1
20250408144000,33.32600021362305,53.0,0.0,20.0,5.8,28.8
20250408144100,33.32600021362305,53.0,0.0,19.1,5.7,26.5
20250408144200,33.32600021362305,53.0,0.0,19.2,6.3,26.4
20250408144300,33.32600021362305,53.0,0.0,20.5,6.1,25.9
20250408144400,33.32600021362305,53.0,0.0,19.2,6.3,28.9
20250408144500,33.32600021362305,53.0,0.0,20.7,5.8,25.5
20250408144600,33.32600021362305,53.0,0.0,20.1,6.4,26.9
20250408144700,33.32600021362305,53.0,0.0,19.3,6.4,28.7
20250408144800,33.32600021362305,53.0,0.0,19.2,5.7,27.7
20250408144900,33.32600021362305,53.0,0.0,20.1,6.2,26.5
20250408145000,33.32600021362305,53.0,0.0,20.7,5.9,25.4
20250408145100,33.32600021362305,53.0,0.0,21.0,5.6,29.2
20250408145200,33.32600021362305,53.0,0.0,20.1,5.6,27.3
20250408145300,33.32600021362305,53.0,0.0,20.0,5.7,28.2
20250408145400,33.32600021362305,53.0,0.0,20.7,6.2,27.7
20250408145500,33.32600021362305,53.0,0.0,19.8,6.1,27.7
20250408145600,33.32600021362305,53.0,0.0,20.1,5.8,27.0
20250408145700,33.32600021362305,53.0,0.0,19.8,6.1,25.2
20250408145800,33.32600021362305,53.0,0.0,20.1,6.2,27.1
20250408145900,33.32600021362305,53.0,0.0,19.0,6.1,26.0
20250408150000,32.7760009765625,53.0,0.0,20.6,6.4,29.1
20250408150100,32.7760009765625,53.0,0.0,19.9,6.2,29.5
20250408150200,32.7760009765625,53.0,0.0,20.8,5.7,27.8
20250408150300,32.7760009765625,53.0,0.0,20.9,6.0,29.4
20250408150400,32.7760009765625,53.0,0.0,19.1,6.1,25.0
20250408150500,32.7760009765625,53.0,0.0,19.3,6.0,26.7
20250408150600,32.7760009765625,53.0,0.0,19.4,5.6,30.0
20250408150700,32.7760009765625,53.0,0.0,20.5,6.5,29.7
20250408150800,32.7760009765625,53.0,0.0,20.5,6.1,29.3
20250408150900,32.7760009765625,53.0,0.0,19.9,6.3,29.8
20250408151000,32.7760009765625,53.0,0.0,19.2,6.1,26.5
20250408151100,32.7760009765625,53.0,0.0,19.4,6.3,26.8
20250408151200,32.7760009765625,53.0,0.0,19.7,6.1,25.7
20250408151300,32.7760009765625,53.0,0.0,19.5,6.1,30.0
20250408151400,32.7760009765625,53.0,0.0,20.7,6.3,26.8
20250408151500,32.7760009765625,53.0,0.0,19.6,6.3,26.2
20250408151600,32.7760009765625,53.0,0.0,19.2,6.0,29.4
20250408151700,32.7760009765625,53.0,0.0,19.7,6.2,28.8
20250408151800,32.7760009765625,53.0,0.0,20.1,6.3,25.2
20250408151900,32.7760009765625,53.0,0.0,20.2,6.0,28.8
20250408152000,32.7760009765625,53.0,0.0,19.8,5.8,28.1
20250408152100,32.7760009765625,53.0,0.0,19.4,5.5,26.5
20250408152200,32.7760009765625,53.0,0.0,19.2,5.8,26.3
20250408152300,32.7760009765625,53.0,0.0,20.6,6.4,29.3
20250408152400,32.7760009765625,53.0,0.0,20.8,6.1,25.8
20250408152500,32.7760009765625,53.0,0.0,19.0,6.1,25.7
20250408152600,32.7760009765625,53.0,0.0,20.6,5.6,27.5
20250408152700,32.7760009765625,53.0,0.0,19.3,6.3,28.7
20250408152800,32.7760009765625,53.0,0.0,19.6,5.7,25.9
20250408152900,32.7760009765625,53.0,0.0,19.2,6.2,25.4
20250408153000,32.7760009765625,53.0,0.0,20.2,5.9,26.0
20250408153100,32.7760009765625,53.0,0.0,19.5,5.6,26.0
20250408153200,32.7760009765625,53.0,0.0,19.0,5.7,29.2
20250408153300,32.7760009765625,53.0,0.0,19.3,6.2,27.2
20250408153400,32.7760009765625,53.0,0.0,19.9,6.0,28.6
20250408153500,32.7760009765625,53.0,0.0,19.4,5.6,28.3
20250408153600,32.7760009765625,53.0,0.0,20.7,6.4,26.5
20250408153700,32.7760009765625,53.0,0.0,19.8,6.3,28.8
20250408153800,32.7760009765625,53.0,0.0,19.9,5.8,28.7
20250408153900,32.7760009765625,53.0,0.0,20.9,6.5,25.8
20250408154000,32.7760009765625,53.0,0.0,19.6,5.9,25.9
20250408154100,32.7760009765625,53.0,0.0,20.9,6.3,26.9
20250408154200,32.7760009765625,53.0,0.0,20.9,6.3,25.4
20250408154300,32.7760009765625,53.0,0.0,19.6,5.6,27.0
20250408154400,32.7760009765625,53.0,0.0,19.9,6.4,28.7
20250408154500,32.7760009765625,53.0,0.0,20.7,5.7,26.8
20250408154600,32.7760009765625,53.0,0.0,20.9,5.9,27.2
20250408154700,32.7760009765625,53.0,0.0,19.6,6.4,29.8
20250408154800,32.7760009765625,53.0,0.0,20.0,6.3,26.7
20250408154900,32.7760009765625,53.0,0.0,20.8,6.0,28.6
20250408155000,32.7760009765625,53.0,0.0,19.5,6.5,25.5
20250408155100,32.7760009765625,53.0,0.0,20.0,5.7,25.7
20250408155200,32.7760009765625,53.0,0.0,20.6,5.9,25.5
20250408155300,32.7760009765625,53.0,0.0,19.6,6.4,29.8
20250408155400,32.7760009765625,53.0,0.0,20.6,5.8,28.0
20250408155500,32.7760009765625,53.0,0.0,20.3,6.1,26.7
20250408155600,32.7760009765625,53.0,0.0,20.5,5.7,29.7
20250408155700,32.7760009765625,53.0,0.0,19.9,6.4,29.7
20250408155800,32.7760009765625,53.0,0.0,19.5,5.6,27.5
20250408155900,32.7760009765625,53.0,0.0,20.8,6.1,28.9
20250408160000,31.42599868774414,58.0,0.0,19.0,6.5,25.2
20250408160100,31.42599868774414,58.0,0.0,20.8,6.2,28.9
20250408160200,31.42599868774414,58.0,0.0,20.9,6.5,26.1
20250408160300,31.42599868774414,58.0,0.0,20.0,6.3,28.4
20250408160400,31.42599868774414,58.0,0.0,20.7,5.9,27.0
20250408160500,31.42599868774414,58.0,0.0,20.9,5.9,25.7
20250408160600,31.42599868774414,58.0,0.0,19.8,6.1,27.7
20250408160700,31.42599868774414,58.0,0.0,20.3,6.2,29.9
20250408160800,31.42599868774414,58.0,0.0,19.8,5.7,29.3
20250408160900,31.42599868774414,58.0,0.0,20.8,5.5,29.8
20250408161000,31.42599868774414,58.0,0.0,19.6,6.2,26.8
20250408161100,31.42599868774414,58.0,0.0,20.0,5.9,25.6
20250408161200,31.42599868774414,58.0,0.0,19.2,6.1,28.2
20250408161300,31.42599868774414,58.0,0.0,20.8,5.6,25.2
20250408161400,31.42599868774414,58.0,0.0,19.9,6.3,28.1
20250408161500,31.42599868774414,58.0,0.0,19.8,5.6,25.0
20250408161600,31.42599868774414,58.0,0.0,20.5,5.5,29.9
20250408161700,31.42599868774414,58.0,0.0,20.0,6.3,27.1
20250408161800,31.42599868774414,58.0,0.0,19.1,5.8,29.0
20250408161900,31.42599868774414,58.0,0.0,20.8,6.1,25.2
20250408162000,31.42599868774414,58.0,0.0,19.9,5.6,28.5
20250408162100,31.42599868774414,58.0,0.0,20.8,6.5,29.2
20250408162200,31.42599868774414,58.0,0.0,19.5,6.3,28.0
20250408162300,31.42599868774414,58.0,0.0,19.3,5.9,29.6
20250408162400,31.42599868774414,58.0,0.0,19.2,5.8,26.1
20250408162500,31.42599868774414,58.0,0.0,20.7,5.7,28.6
20250408162600,31.42599868774414,58.0,0.0,19.7,6.1,29.9
20250408162700,31.42599868774414,58.0,0.0,19.3,5.6,27.2
20250408162800,31.42599868774414,58.0,0.0,20.6,6.2,29.1
20250408162900,31.42599868774414,58.0,0.0,19.7,5.6,26.2
20250408163000,31.42599868774414,58.0,0.0,19.6,5.6,27.0
20250408163100,31.42599868774414,58.0,0.0,19.4,5.8,27.0
20250408163200,31.42599868774414,58.0,0.0,19.2,5.9,25.5
20250408163300,31.42599868774414,58.0,0.0,19.7,6.0,28.1
20250408163400,31.42599868774414,58.0,0.0,20.8,6.1,29.9
20250408163500,31.42599868774414,58.0,0.0,19.3,5.5,27.1
20250408163600,31.42599868774414,58.0,0.0,19.9,6.1,30.0
20250408163700,31.42599868774414,58.0,0.0,20.3,5.5,29.9
20250408163800,31.42599868774414,58.0,0.0,19.3,5.7,26.3
20250408163900,31.42599868774414,58.0,0.0,20.6,6.2,25.8
20250408164000,31.42599868774414,58.0,0.0,19.5,5.9,29.9
20250408164100,31.42599868774414,58.0,0.0,19.1,5.6,28.8
20250408164200,31.42599868774414,58.0,0.0,19.9,5.7,26.9
20250408164300,31.42599868774414,58.0,0.0,19.9,6.1,25.8
20250408164400,31.42599868774414,58.0,0.0,20.1,5.9,26.0
20250408164500,31.42599868774414,58.0,0.0,19.7,6.1,26.0
20250408164600,31.42599868774414,58.0,0.0,20.4,6.3,29.0
20250408164700,31.42599868774414,58.0,0.0,20.1,5.9,29.7
20250408164800,31.42599868774414,58.0,0.0,20.8,5.5,27.8
20250408164900,31.42599868774414,58.0,0.0,19.7,5.6,26.6
20250408165000,31.42599868774414,58.0,0.0,20.8,6.5,29.0
20250408165100,31.42599868774414,58.0,0.0,19.3,6.0,27.6
20250408165200,31.42599868774414,58.0,0.0,19.7,6.3,25.5
20250408165300,31.42599868774414,58.0,0.0,20.7,5.6,26.1
20250408165400,31.42599868774414,58.0,0.0,19.8,6.0,27.5
20250408165500,31.42599868774414,58.0,0.0,20.2,6.0,27.0
20250408165600,31.42599868774414,58.0,0.0,20.3,6.4,28.9
20250408165700,31.42599868774414,58.0,0.0,20.6,6.0,26.5
20250408165800,31.42599868774414,58.0,0.0,19.3,6.3,25.5
20250408165900,31.42599868774414,58.0,0.0,20.5,5.8,28.5
20250408170000,30.625999450683594,66.0,0.0,19.4,5.9,27.2
20250408170100,30.625999450683594,66.0,0.0,19.0,6.5,28.2
20250408170200,30.625999450683594,66.0,0.0,19.4,5.6,27.3
20250408170300,30.625999450683594,66.0,0.0,19.1,6.2,29.3
20250408170400,30.625999450683594,66.0,0.0,19.3,5.8,29.5
20250408170500,30.625999450683594,66.0,0.0,19.4,6.3,26.6
20250408170600,30.625999450683594,66.0,0.0,19.6,6.0,25.8
20250408170700,30.625999450683594,66.0,0.0,20.4,5.7,28.3
20250408170800,30.625999450683594,66.0,0.0,19.1,5.9,28.5
20250408170900,30.625999450683594,66.0,0.0,20.5,6.2,27.5
20250408171000,30.625999450683594,66.0,0.0,20.9,6.4,29.2
20250408171100,30.625999450683594,66.0,0.0,19.7,6.3,27.9
20250408171200,30.625999450683594,66.0,0.0,19.5,5.6,28.8
20250408171300,30.625999450683594,66.0,0.0,19.9,5.9,28.2
20250408171400,30.625999450683594,66.0,0.0,19.3,6.5,25.1
20250408171500,30.625999450683594,66.0,0.0,20.6,6.1,26.8
20250408171600,30.625999450683594,66.0,0.0,19.4,5.8,29.4
20250408171700,30.625999450683594,66.0,0.0,20.3,5.6,29.5
20250408171800,30.625999450683594,66.0,0.0,20.3,6.1,27.6
20250408171900,30.625999450683594,66.0,0.0,19.3,5.7,28.1
20250408172000,30.625999450683594,66.0,0.0,19.3,5.9,25.2
20250408172100,30.625999450683594,66.0,0.0,19.9,5.8,28.5
20250408172200,30.625999450683594,66.0,0.0,20.2,5.7,26.8
20250408172300,30.625999450683594,66.0,0.0,20.3,6.2,26.2
20250408172400,30.625999450683594,66.0,0.0,20.7,6.3,27.0
20250408172500,30.625999450683594,66.0,0.0,19.9,5.9,25.6
20250408172600,30.625999450683594,66.0,0.0,19.7,6.0,26.5
20250408172700,30.625999450683594,66.0,0.0,19.4,5.9,28.8
20250408172800,30.625999450683594,66.0,0.0,19.5,6.0,27.1
20250408172900,30.625999450683594,66.0,0.0,20.6,5.9,25.8
20250408173000,30.625999450683594,66.0,0.0,20.1,6.2,28.4
20250408173100,30.625999450683594,66.0,0.0,19.9,5.9,26.9
20250408173200,30.625999450683594,66.0,0.0,20.9,5.7,27.8
20250408173300,30.625999450683594,66.0,0.0,19.4,5.6,28.6
20250408173400,30.625999450683594,66.0,0.0,19.4,5.6,29.8
20250408173500,30.625999450683594,66.0,0.0,19.9,6.1,29.4
20250408173600,30.625999450683594,66.0,0.0,19.3,5.8,26.0
20250408173700,30.625999450683594,66.0,0.0,19.5,5.9,25.2
20250408173800,30.625999450683594,66.0,0.0,20.2,5.9,26.5
20250408173900,30.625999450683594,66.0,0.0,19.9,5.9,28.0
20250408174000,30.625999450683594,66.0,0.0,20.5,6.2,25.6
20250408174100,30.625999450683594,66.0,0.0,20.7,5.6,28.6
20250408174200,30.625999450683594,66.0,0.0,20.6,5.7,28.4
20250408174300,30.625999450683594,66.0,0.0,20.2,5.8,26.7
20250408174400,30.625999450683594,66.0,0.0,20.9,5.5,26.9
20250408174500,30.625999450683594,66.0,0.0,19.0,6.1,29.5
20250408174600,30.625999450683594,66.0,0.0,19.5,5.7,28.4
20250408174700,30.625999450683594,66.0,0.0,19.6,6.2,26.9
20250408174800,30.625999450683594,66.0,0.0,19.8,6.3,25.8
20250408174900,30.625999450683594,66.0,0.0,19.7,6.3,25.1
20250408175000,30.625999450683594,66.0,0.0,19.8,6.2,25.0
20250408175100,30.625999450683594,66.0,0.0,20.7,5.5,25.1
20250408175200,30.625999450683594,66.0,0.0,19.2,6.2,26.2
20250408175300,30.625999450683594,66.0,0.0,19.1,6.4,26.0
20250408175400,30.625999450683594,66.0,0.0,20.9,5.6,25.3
20250408175500,30.625999450683594,66.0,0.0,20.3,5.8,27.7
20250408175600,30.625999450683594,66.0,0.0,19.9,6.2,27.9
20250408175700,30.625999450683594,66.0,0.0,20.6,5.9,27.4
20250408175800,30.625999450683594,66.0,0.0,19.5,6.5,28.0
20250408175900,30.625999450683594,66.0,0.0,19.5,5.5,28.5
20250408180000,29.92599868774414,69.0,0.0,20.3,5.9,26.0
20250408180100,29.92599868774414,69.0,0.0,19.5,5.5,26.9
20250408180200,29.92599868774414,69.0,0.0,20.8,6.2,29.3
20250408180300,29.92599868774414,69.0,0.0,20.6,6.1,27.9
20250408180400,29.92599868774414,69.0,0.0,19.7,6.3,29.7
20250408180500,29.92599868774414,69.0,0.0,19.0,6.0,28.7
20250408180600,29.92599868774414,69.0,0.0,20.4,5.5,25.0
20250408180700,29.92599868774414,69.0,0.0,19.2,6.2,26.5
20250408180800,29.92599868774414,69.0,0.0,19.2,5.7,28.2
20250408180900,29.92599868774414,69.0,0.0,20.1,5.8,25.8
20250408181000,29.92599868774414,69.0,0.0,19.8,6.4,28.3
20250408181100,29.92599868774414,69.0,0.0,19.3,6.5,28.1
20250408181200,29.92599868774414,69.0,0.0,19.7,6.0,27.5
20250408181300,29.92599868774414,69.0,0.0,20.9,6.4,26.9
20250408181400,29.92599868774414,69.0,0.0,20.3,5.6,27.9
20250408181500,29.92599868774414,69.0,0.0,19.9,5.8,28.3
20250408181600,29.92599868774414,69.0,0.0,19.3,6.0,29.3
20250408181700,29.92599868774414,69.0,0.0,19.1,5.6,26.6
20250408181800,29.92599868774414,69.0,0.0,19.8,5.7,25.2
20250408181900,29.92599868774414,69.0,0.0,19.7,6.0,28.4
20250408182000,29.92599868774414,69.0,0.0,20.0,5.8,29.3
20250408182100,29.92599868774414,69.0,0.0,19.7,5.8,26.1
20250408182200,29.92599868774414,69.0,0.0,19.5,6.5,26.6
20250408182300,29.92599868774414,69.0,0.0,19.2,6.4,28.4
20250408182400,29.92599868774414,69.0,0.0,19.3,6.5,26.3
20250408182500,29.92599868774414,69.0,0.0,20.0,6.3,28.8
20250408182600,29.92599868774414,69.0,0.0,19.9,6.5,29.9
20250408182700,29.92599868774414,69.0,0.0,19.4,5.7,25.3
20250408182800,29.92599868774414,69.0,0.0,20.1,5.8,26.0
20250408182900,29.92599868774414,69.0,0.0,19.5,6.0,29.0
20250408183000,29.92599868774414,69.0,0.0,19.5,6.1,30.0
20250408183100,29.92599868774414,69.0,0.0,20.8,5.6,25.8
20250408183200,29.92599868774414,69.0,0.0,19.4,6.1,25.1
20250408183300,29.92599868774414,69.0,0.0,20.8,5.6,26.0
20250408183400,29.92599868774414,69.0,0.0,20.8,5.5,27.7
20250408183500,29.92599868774414,69.0,0.0,20.5,5.6,26.5
20250408183600,29.92599868774414,69.0,0.0,21.0,6.1,27.1
20250408183700,29.92599868774414,69.0,0.0,20.0,6.1,25.6
20250408183800,29.92599868774414,69.0,0.0,19.3,6.2,27.0
20250408183900,29.92599868774414,69.0,0.0,20.5,6.3,29.1
20250408184000,29.92599868774414,69.0,0.0,20.8,6.3,29.3
20250408184100,29.92599868774414,69.0,0.0,19.5,6.2,29.6
20250408184200,29.92599868774414,69.0,0.0,19.2,6.3,26.2
20250408184300,29.92599868774414,69.0,0.0,20.5,5.6,26.6
20250408184400,29.92599868774414,69.0,0.0,20.4,6.3,26.3
20250408184500,29.92599868774414,69.0,0.0,19.3,6.1,29.8
20250408184600,29.92599868774414,69.0,0.0,19.6,5.8,25.7
20250408184700,29.92599868774414,69.0,0.0,20.2,6.2,25.5
20250408184800,29.92599868774414,69.0,0.0,19.9,6.1,26.5
20250408184900,29.92599868774414,69.0,0.0,20.7,6.1,28.4
20250408185000,29.92599868774414,69.0,0.0,20.3,5.6,27.5
20250408185100,29.92599868774414,69.0,0.0,20.8,6.2,27.6
20250408185200,29.92599868774414,69.0,0.0,19.9,5.8,25.8
20250408185300,29.92599868774414,69.0,0.0,20.5,5.9,27.0
20250408185400,29.92599868774414,69.0,0.0,19.1,6.4,25.5
20250408185500,29.92599868774414,69.0,0.0,19.1,6.1,27.7
20250408185600,29.92599868774414,69.0,0.0,21.0,5.6,26.3
20250408185700,29.92599868774414,69.0,0.0,19.4,6.4,26.7
20250408185800,29.92599868774414,69.0,0.0,21.0,6.1,29.1
20250408185900,29.92599868774414,69.0,0.0,19.9,6.1,28.4
20250408190000,29.275999069213867,73.0,0.0,19.8,5.9,26.6
20250408190100,29.275999069213867,73.0,0.0,20.1,5.8,26.3
20250408190200,29.275999069213867,73.0,0.0,20.5,6.2,29.3
20250408190300,29.275999069213867,73.0,0.0,20.9,5.5,26.6
20250408190400,29.275999069213867,73.0,0.0,19.4,6.2,25.0
20250408190500,29.275999069213867,73.0,0.0,19.4,5.7,29.5
20250408190600,29.275999069213867,73.0,0.0,20.3,6.3,26.8
20250408190700,29.275999069213867,73.0,0.0,19.2,6.4,25.8
20250408190800,29.275999069213867,73.0,0.0,19.6,6.0,28.2
20250408190900,29.275999069213867,73.0,0.0,19.5,6.2,28.1
20250408191000,29.275999069213867,73.0,0.0,19.3,6.4,27.6
20250408191100,29.275999069213867,73.0,0.0,19.6,5.8,29.2
20250408191200,29.275999069213867,73.0,0.0,19.6,5.9,28.4
20250408191300,29.275999069213867,73.0,0.0,20.4,6.5,26.0
20250408191400,29.275999069213867,73.0,0.0,20.8,6.0,26.6
20250408191500,29.275999069213867,73.0,0.0,20.7,5.6,26.1
20250408191600,29.275999069213867,73.0,0.0,19.7,6.2,28.7
20250408191700,29.275999069213867,73.0,0.0,19.7,6.5,27.2
20250408191800,29.275999069213867,73.0,0.0,19.4,6.3,25.3
20250408191900,29.275999069213867,73.0,0.0,19.3,5.7,25.0
20250408192000,29.275999069213867,73.0,0.0,20.7,6.0,27.0
20250408192100,29.275999069213867,73.0,0.0,19.0,5.8,26.6
20250408192200,29.275999069213867,73.0,0.0,20.3,5.7,27.2
20250408192300,29.275999069213867,73.0,0.0,19.2,6.0,27.3
20250408192400,29.275999069213867,73.0,0.0,19.4,6.5,29.7
20250408192500,29.275999069213867,73.0,0.0,19.1,5.6,28.5
20250408192600,29.275999069213867,73.0,0.0,19.5,5.9,29.5
20250408192700,29.275999069213867,73.0,0.0,20.7,5.9,27.0
20250408192800,29.275999069213867,73.0,0.0,19.6,6.4,25.5
20250408192900,29.275999069213867,73.0,0.0,20.6,5.7,26.8
20250408193000,29.275999069213867,73.0,0.0,19.9,6.0,27.1
20250408193100,29.275999069213867,73.0,0.0,20.4,6.0,26.3
20250408193200,29.275999069213867,73.0,0.0,20.7,5.8,25.6
20250408193300,29.275999069213867,73.0,0.0,20.0,5.7,27.3
20250408193400,29.275999069213867,73.0,0.0,19.1,5.8,29.5
20250408193500,29.275999069213867,73.0,0.0,20.3,5.8,29.5
20250408193600,29.275999069213867,73.0,0.0,19.0,6.4,27.9
20250408193700,29.275999069213867,73.0,0.0,19.2,5.9,26.8
20250408193800,29.275999069213867,73.0,0.0,20.6,6.0,27.0
20250408193900,29.275999069213867,73.0,0.0,20.5,6.3,27.3
20250408194000,29.275999069213867,73.0,0.0,20.6,5.9,27.3
20250408194100,29.275999069213867,73.0,0.0,20.7,6.5,28.6
20250408194200,29.275999069213867,73.0,0.0,19.8,5.6,29.9
20250408194300,29.275999069213867,73.0,0.0,19.1,6.3,25.2
20250408194400,29.275999069213867,73.0,0.0,19.7,6.0,29.4
20250408194500,29.275999069213867,73.0,0.0,20.7,5.6,26.1
20250408194600,29.275999069213867,73.0,0.0,20.0,6.0,27.8
20250408194700,29.275999069213867,73.0,0.0,19.7,6.0,29.8
20250408194800,29.275999069213867,73.0,0.0,19.7,5.9,29.9
20250408194900,29.275999069213867,73.0,0.0,20.9,6.3,28.5
20250408195000,29.275999069213867,73.0,0.0,20.7,6.1,25.7
20250408195100,29.275999069213867,73.0,0.0,19.2,5.8,26.9
20250408195200,29.275999069213867,73.0,0.0,20.2,6.2,26.1
20250408195300,29.275999069213867,73.0,0.0,20.6,5.7,29.0
20250408195400,29.275999069213867,73.0,0.0,20.9,6.0,26.8
20250408195500,29.275999069213867,73.0,0.0,19.1,6.1,26.3
20250408195600,29.275999069213867,73.0,0.0,19.4,6.0,29.9
20250408195700,29.275999069213867,73.0,0.0,19.4,6.0,29.6
20250408195800,29.275999069213867,73.0,0.0,20.7,5.7,25.7
20250408195900,29.275999069213867,73.0,0.0,19.7,5.6,26.0
20250408200000,28.375999450683594,76.0,0.0,20.9,5.7,25.3
20250408200100,28.375999450683594,76.0,0.0,19.1,6.0,27.2
20250408200200,28.375999450683594,76.0,0.0,19.1,5.6,27.2
20250408200300,28.375999450683594,76.0,0.0,19.4,5.6,26.4
20250408200400,28.375999450683594,76.0,0.0,19.9,6.1,27.9
20250408200500,28.375999450683594,76.0,0.0,19.9,6.4,29.1
20250408200600,28.375999450683594,76.0,0.0,19.4,6.2,27.7
20250408200700,28.375999450683594,76.0,0.0,19.1,5.9,26.0
20250408200800,28.375999450683594,76.0,0.0,19.5,6.0,26.7
20250408200900,28.375999450683594,76.0,0.0,20.0,6.5,25.9
20250408201000,28.375999450683594,76.0,0.0,19.0,6.4,28.6
20250408201100,28.375999450683594,76.0,0.0,19.6,6.1,27.0
20250408201200,28.375999450683594,76.0,0.0,19.4,5.5,26.5
20250408201300,28.375999450683594,76.0,0.0,20.9,6.3,28.0
20250408201400,28.375999450683594,76.0,0.0,20.7,5.6,28.2
20250408201500,28.375999450683594,76.0,0.0,20.7,6.1,26.8
20250408201600,28.375999450683594,76.0,0.0,20.5,6.1,26.9
20250408201700,28.375999450683594,76.0,0.0,19.1,5.6,29.2
20250408201800,28.375999450683594,76.0,0.0,20.1,6.5,29.1
20250408201900,28.375999450683594,76.0,0.0,20.3,6.2,26.1
20250408202000,28.375999450683594,76.0,0.0,19.6,5.5,29.2
20250408202100,28.375999450683594,76.0,0.0,20.9,5.7,26.6
20250408202200,28.375999450683594,76.0,0.0,19.7,5.8,25.7
20250408202300,28.375999450683594,76.0,0.0,21.0,5.6,25.2
20250408202400,28.375999450683594,76.0,0.0,19.1,6.3,27.3
20250408202500,28.375999450683594,76.0,0.0,20.4,6.1,27.9
20250408202600,28.375999450683594,76.0,0.0,20.6,6.0,27.8
20250408202700,28.375999450683594,76.0,0.0,20.9,6.2,27.8
20250408202800,28.375999450683594,76.0,0.0,20.1,6.0,25.3
20250408202900,28.375999450683594,76.0,0.0,20.5,5.5,26.7
20250408203000,28.375999450683594,76.0,0.0,20.9,5.6,28.2
20250408203100,28.375999450683594,76.0,0.0,20.9,5.8,26.1
20250408203200,28.375999450683594,76.0,0.0,20.0,5.5,26.7
20250408203300,28.375999450683594,76.0,0.0,20.0,5.8,25.2
20250408203400,28.375999450683594,76.0,0.0,20.7,5.9,26.2
20250408203500,28.375999450683594,76.0,0.0,20.0,5.7,27.7
20250408203600,28.375999450683594,76.0,0.0,20.2,5.8,29.3
20250408203700,28.375999450683594,76.0,0.0,20.8,6.5,26.5
20250408203800,28.375999450683594,76.0,0.0,19.2,5.9,28.5
20250408203900,28.375999450683594,76.0,0.0,20.6,6.4,25.9
20250408204000,28.375999450683594,76.0,0.0,19.9,6.0,29.5
20250408204100,28.375999450683594,76.0,0.0,19.1,6.4,25.5
20250408204200,28.375999450683594,76.0,0.0,20.8,6.0,26.1
20250408204300,28.375999450683594,76.0,0.0,20.2,6.0,29.5
20250408204400,28.375999450683594,76.0,0.0,20.9,6.5,26.5
20250408204500,28.375999450683594,76.0,0.0,19.1,6.2,27.1
20250408204600,28.375999450683594,76.0,0.0,20.4,5.6,27.3
20250408204700,28.375999450683594,76.0,0.0,19.8,6.4,29.7
20250408204800,28.375999450683594,76.0,0.0,20.3,6.2,29.1
20250408204900,28.375999450683594,76.0,0.0,20.5,6.0,29.1
20250408205000,28.375999450683594,76.0,0.0,20.4,5.9,25.4
20250408205100,28.375999450683594,76.0,0.0,20.3,6.4,26.6
20250408205200,28.375999450683594,76.0,0.0,20.3,5.7,27.9
20250408205300,28.375999450683594,76.0,0.0,20.2,6.4,28.6
20250408205400,28.375999450683594,76.0,0.0,19.5,6.0,29.9
20250408205500,28.375999450683594,76.0,0.0,19.4,5.9,25.2
20250408205600,28.375999450683594,76.0,0.0,19.1,5.9,25.6
20250408205700,28.375999450683594,76.0,0.0,20.4,5.9,25.6
20250408205800,28.375999450683594,76.0,0.0,20.7,5.6,28.6
20250408205900,28.375999450683594,76.0,0.0,20.6,6.1,26.6
20250408210000,27.825998306274414,78.0,0.0,19.2,5.7,28.3
20250408210100,27.825998306274414,78.0,0.0,20.1,5.8,25.3
20250408210200,27.825998306274414,78.0,0.0,19.1,6.4,25.8
20250408210300,27.825998306274414,78.0,0.0,20.5,6.0,27.2
20250408210400,27.825998306274414,78.0,0.0,19.3,6.4,27.5
20250408210500,27.825998306274414,78.0,0.0,19.3,6.0,27.8
20250408210600,27.825998306274414,78.0,0.0,19.4,5.8,27.6
20250408210700,27.825998306274414,78.0,0.0,19.7,6.4,25.7
20250408210800,27.825998306274414,78.0,0.0,20.7,5.6,28.9
20250408210900,27.825998306274414,78.0,0.0,20.3,5.8,25.0
20250408211000,27.825998306274414,78.0,0.0,20.6,5.9,29.1
20250408211100,27.825998306274414,78.0,0.0,19.0,5.6,28.1
20250408211200,27.825998306274414,78.0,0.0,20.5,5.6,25.2
20250408211300,27.825998306274414,78.0,0.0,20.3,6.4,29.9
20250408211400,27.825998306274414,78.0,0.0,20.8,6.4,26.5
20250408211500,27.825998306274414,78.0,0.0,19.7,6.0,27.5
20250408211600,27.825998306274414,78.0,0.0,19.2,5.6,30.0
20250408211700,27.825998306274414,78.0,0.0,19.7,5.5,27.1
20250408211800,27.825998306274414,78.0,0.0,20.5,6.5,28.6
20250408211900,27.825998306274414,78.0,0.0,20.3,5.5,27.4
20250408212000,27.825998306274414,78.0,0.0,20.2,6.5,28.9
20250408212100,27.825998306274414,78.0,0.0,19.6,6.4,28.0
20250408212200,27.825998306274414,78.0,0.0,20.7,6.0,29.9
20250408212300,27.825998306274414,78.0,0.0,19.6,5.8,27.4
20250408212400,27.825998306274414,78.0,0.0,20.0,5.9,25.7
20250408212500,27.825998306274414,78.0,0.0,20.9,6.4,29.0
20250408212600,27.825998306274414,78.0,0.0,19.2,6.3,27.5
20250408212700,27.825998306274414,78.0,0.0,20.4,6.5,28.7
20250408212800,27.825998306274414,78.0,0.0,19.9,6.5,25.8
20250408212900,27.825998306274414,78.0,0.0,19.8,6.1,26.6
20250408213000,27.825998306274414,78.0,0.0,20.2,6.4,25.4
20250408213100,27.825998306274414,78.0,0.0,20.5,5.7,27.0
20250408213200,27.825998306274414,78.0,0.0,20.1,6.0,27.5
20250408213300,27.825998306274414,78.0,0.0,20.9,5.8,25.5
20250408213400,27.825998306274414,78.0,0.0,19.4,6.4,25.4
20250408213500,27.825998306274414,78.0,0.0,20.8,6.0,26.1
20250408213600,27.825998306274414,78.0,0.0,19.4,5.9,29.4
20250408213700,27.825998306274414,78.0,0.0,19.9,6.2,27.6
20250408213800,27.825998306274414,78.0,0.0,19.2,6.3,29.3
20250408213900,27.825998306274414,78.0,0.0,19.3,6.2,26.2
20250408214000,27.825998306274414,78.0,0.0,20.6,5.5,25.7
20250408214100,27.825998306274414,78.0,0.0,20.1,6.2,25.1
20250408214200,27.825998306274414,78.0,0.0,20.9,6.3,27.3
20250408214300,27.825998306274414,78.0,0.0,20.7,5.7,29.3
20250408214400,27.825998306274414,78.0,0.0,19.3,5.8,25.9
20250408214500,27.825998306274414,78.0,0.0,19.7,6.3,25.3
20250408214600,27.825998306274414,78.0,0.0,19.3,6.2,25.1
20250408214700,27.825998306274414,78.0,0.0,20.0,5.8,26.2
20250408214800,27.825998306274414,78.0,0.0,19.8,6.1,28.4
20250408214900,27.825998306274414,78.0,0.0,19.3,6.3,28.4
20250408215000,27.825998306274414,78.0,0.0,19.9,6.1,28.7
20250408215100,27.825998306274414,78.0,0.0,20.9,5.5,29.9
20250408215200,27.825998306274414,78.0,0.0,20.1,6.3,28.9
20250408215300,27.825998306274414,78.0,0.0,19.2,5.6,26.7
20250408215400,27.825998306274414,78.0,0.0,20.9,5.9,26.5
20250408215500,27.825998306274414,78.0,0.0,19.2,6.5,27.2
20250408215600,27.825998306274414,78.0,0.0,19.9,6.0,28.0
20250408215700,27.825998306274414,78.0,0.0,20.4,6.4,27.8
20250408215800,27.825998306274414,78.0,0.0,19.5,6.4,25.2
20250408215900,27.825998306274414,78.0,0.0,20.9,6.0,26.8
20250408220000,27.325998306274414,79.0,0.0,19.5,6.0,28.2
20250408220100,27.325998306274414,79.0,0.0,20.7,6.4,29.6
20250408220200,27.325998306274414,79.0,0.0,20.8,6.2,26.3
20250408220300,27.325998306274414,79.0,0.0,19.7,5.9,27.4
20250408220400,27.325998306274414,79.0,0.0,19.4,6.2,28.9
20250408220500,27.325998306274414,79.0,0.0,19.6,5.8,25.0
20250408220600,27.325998306274414,79.0,0.0,19.3,5.9,26.7
20250408220700,27.325998306274414,79.0,0.0,19.4,5.7,27.6
20250408220800,27.325998306274414,79.0,0.0,20.9,5.7,29.9
20250408220900,27.325998306274414,79.0,0.0,20.3,6.4,28.5
20250408221000,27.325998306274414,79.0,0.0,20.1,5.7,27.4
20250408221100,27.325998306274414,79.0,0.0,19.6,6.1,27.1
20250408221200,27.325998306274414,79.0,0.0,20.0,6.2,27.2
20250408221300,27.325998306274414,79.0,0.0,20.8,6.4,25.8
20250408221400,27.325998306274414,79.0,0.0,20.6,6.0,27.5
20250408221500,27.325998306274414,79.0,0.0,20.7,6.2,28.1
20250408221600,27.325998306274414,79.0,0.0,20.3,5.6,30.0
20250408221700,27.325998306274414,79.0,0.0,20.3,6.1,29.8
20250408221800,27.325998306274414,79.0,0.0,19.6,6.0,26.9
20250408221900,27.325998306274414,79.0,0.0,19.8,6.3,28.6
20250408222000,27.325998306274414,79.0,0.0,19.2,5.8,26.0
20250408222100,27.325998306274414,79.0,0.0,19.6,5.8,29.8
20250408222200,27.325998306274414,79.0,0.0,20.1,5.9,29.6
20250408222300,27.325998306274414,79.0,0.0,21.0,5.6,27.3
20250408222400,27.325998306274414,79.0,0.0,19.3,6.4,26.0
20250408222500,27.325998306274414,79.0,0.0,20.8,6.2,28.9
20250408222600,27.325998306274414,79.0,0.0,19.1,6.3,26.2
20250408222700,27.325998306274414,79.0,0.0,19.3,5.8,27.6
20250408222800,27.325998306274414,79.0,0.0,20.7,5.8,27.6
20250408222900,27.325998306274414,79.0,0.0,20.2,5.9,26.7
20250408223000,27.325998306274414,79.0,0.0,20.8,5.8,25.9
20250408223100,27.325998306274414,79.0,0.0,20.3,6.5,28.2
20250408223200,27.325998306274414,79.0,0.0,20.6,6.3,26.6
20250408223300,27.325998306274414,79.0,0.0,20.6,6.1,29.8
20250408223400,27.325998306274414,79.0,0.0,19.5,5.6,28.2
20250408223500,27.325998306274414,79.0,0.0,20.9,5.5,28.9
20250408223600,27.325998306274414,79.0,0.0,21.0,6.1,25.5
20250408223700,27.325998306274414,79.0,0.0,21.0,6.3,25.1
20250408223800,27.325998306274414,79.0,0.0,20.9,5.9,29.2
20250408223900,27.325998306274414,79.0,0.0,20.7,6.0,29.0
20250408224000,27.325998306274414,79.0,0.0,19.8,5.7,27.3
20250408224100,27.325998306274414,79.0,0.0,20.9,6.3,29.9
20250408224200,27.325998306274414,79.0,0.0,20.1,6.4,29.7
20250408224300,27.325998306274414,79.0,0.0,19.6,5.8,25.7
20250408224400,27.325998306274414,79.0,0.0,19.9,5.6,28.0
20250408224500,27.325998306274414,79.0,0.0,20.5,6.2,29.1
20250408224600,27.325998306274414,79.0,0.0,20.6,6.4,25.4
20250408224700,27.325998306274414,79.0,0.0,20.8,5.7,26.5
20250408224800,27.325998306274414,79.0,0.0,20.9,6.0,29.3
20250408224900,27.325998306274414,79.0,0.0,20.4,5.9,25.1
20250408225000,27.325998306274414,79.0,0.0,19.8,5.9,27.9
20250408225100,27.325998306274414,79.0,0.0,19.7,5.8,28.8
20250408225200,27.325998306274414,79.0,0.0,19.7,5.9,27.8
20250408225300,27.325998306274414,79.0,0.0,19.9,6.1,27.0
20250408225400,27.325998306274414,79.0,0.0,20.5,6.4,26.5
20250408225500,27.325998306274414,79.0,0.0,19.6,6.1,29.1
20250408225600,27.325998306274414,79.0,0.0,20.7,5.6,28.9
20250408225700,27.325998306274414,79.0,0.0,20.0,6.4,25.8
20250408225800,27.325998306274414,79.0,0.0,19.4,5.9,27.8
20250408225900,27.325998306274414,79.0,0.0,19.8,6.5,25.2
20250408230000,26.875999450683594,82.0,0.0,20.5,6.1,28.3
20250408230100,26.875999450683594,82.0,0.0,19.4,5.9,28.4
20250408230200,26.875999450683594,82.0,0.0,19.9,6.0,29.4
20250408230300,26.875999450683594,82.0,0.0,20.5,5.6,27.4
20250408230400,26.875999450683594,82.0,0.0,19.6,5.7,29.4
20250408230500,26.875999450683594,82.0,0.0,20.7,5.5,25.1
20250408230600,26.875999450683594,82.0,0.0,19.5,5.7,27.8
20250408230700,26.875999450683594,82.0,0.0,20.6,5.9,29.0
20250408230800,26.875999450683594,82.0,0.0,21.0,5.6,28.6
20250408230900,26.875999450683594,82.0,0.0,19.9,6.1,26.3
20250408231000,26.875999450683594,82.0,0.0,19.6,6.1,27.2
20250408231100,26.875999450683594,82.0,0.0,19.4,6.2,28.2
20250408231200,26.875999450683594,82.0,0.0,20.5,6.3,26.0
20250408231300,26.875999450683594,82.0,0.0,20.4,5.9,25.2
20250408231400,26.875999450683594,82.0,0.0,20.3,6.3,28.0
20250408231500,26.875999450683594,82.0,0.0,19.8,6.0,27.9
20250408231600,26.875999450683594,82.0,0.0,20.4,6.0,29.1
20250408231700,26.875999450683594,82.0,0.0,20.7,5.8,28.4
20250408231800,26.875999450683594,82.0,0.0,19.8,5.7,28.9
20250408231900,26.875999450683594,82.0,0.0,20.1,6.1,27.7
20250408232000,26.875999450683594,82.0,0.0,20.5,5.8,28.9
20250408232100,26.875999450683594,82.0,0.0,20.9,5.9,30.0
20250408232200,26.875999450683594,82.0,0.0,20.7,5.5,25.7
20250408232300,26.875999450683594,82.0,0.0,20.9,5.5,25.1
20250408232400,26.875999450683594,82.0,0.0,20.1,5.6,27.6
20250408232500,26.875999450683594,82.0,0.0,20.8,5.9,26.4
20250408232600,26.875999450683594,82.0,0.0,20.4,6.4,28.3
20250408232700,26.875999450683594,82.0,0.0,20.9,5.7,27.9
20250408232800,26.875999450683594,82.0,0.0,19.7,5.8,26.2
20250408232900,26.875999450683594,82.0,0.0,20.0,6.4,28.7
20250408233000,26.875999450683594,82.0,0.0,20.8,6.1,28.8
20250408233100,26.875999450683594,82.0,0.0,20.9,5.5,26.9
20250408233200,26.875999450683594,82.0,0.0,19.1,5.8,26.3
20250408233300,26.875999450683594,82.0,0.0,19.5,6.2,25.5
20250408233400,26.875999450683594,82.0,0.0,19.1,5.6,26.6
20250408233500,26.875999450683594,82.0,0.0,20.4,6.0,29.0
20250408233600,26.875999450683594,82.0,0.0,19.4,6.3,27.9
20250408233700,26.875999450683594,82.0,0.0,21.0,6.4,27.8
20250408233800,26.875999450683594,82.0,0.0,19.5,6.1,25.4
20250408233900,26.875999450683594,82.0,0.0,19.0,5.6,25.3
20250408234000,26.875999450683594,82.0,0.0,20.3,6.3,27.4
20250408234100,26.875999450683594,82.0,0.0,19.8,6.3,25.6
20250408234200,26.875999450683594,82.0,0.0,20.7,6.2,28.4
20250408234300,26.875999450683594,82.0,0.0,20.9,5.6,25.7
20250408234400,26.875999450683594,82.0,0.0,19.0,6.5,26.3
20250408234500,26.875999450683594,82.0,0.0,19.1,6.4,29.3
20250408234600,26.875999450683594,82.0,0.0,19.4,6.5,28.3
20250408234700,26.875999450683594,82.0,0.0,20.0,6.1,26.6
20250408234800,26.875999450683594,82.0,0.0,19.9,5.5,26.2
20250408234900,26.875999450683594,82.0,0.0,20.4,5.6,27.3
20250408235000,26.875999450683594,82.0,0.0,20.6,6.2,25.0
20250408235100,26.875999450683594,82.0,0.0,20.1,5.8,26.8
20250408235200,26.875999450683594,82.0,0.0,19.7,6.2,25.1
20250408235300,26.875999450683594,82.0,0.0,20.4,6.4,26.6
20250408235400,26.875999450683594,82.0,0.0,20.7,6.1,29.1
20250408235500,26.875999450683594,82.0,0.0,19.4,5.7,29.1
20250408235600,26.875999450683594,82.0,0.0,19.9,6.1,28.8
20250408235700,26.875999450683594,82.0,0.0,20.6,5.9,26.6
20250408235800,26.875999450683594,82.0,0.0,20.2,5.7,28.9
20250408235900,26.875999450683594,82.0,0.0,20.5,5.8,27.3
